"Time (s)","Latitude (°)","Longitude (°)","Altitude (m)","Altitude WGS84 (m)","Speed (m/s)","Direction (°)","Distance (km)","Horizontal Accuracy (m)","Vertical Accuracy (m)","Satellites"
0.000000000E0,6.501245790E1,2.550451340E1,NaN,NaN,NaN,NaN,2.320946174E-1,1.299999023E3,0.000000000E0,0.000000000E0
8.147709112E0,6.501111419E1,2.550073225E1,5.527499343E1,7.273901367E1,5.400000215E-1,0.000000000E0,2.329150533E-1,5.193503380E0,8.638240814E0,0.000000000E0
8.985769164E0,6.501110741E1,2.550073914E1,5.318551748E1,7.064953613E1,4.799999893E-1,0.000000000E0,2.365279732E-1,6.715901852E0,1.022066307E1,1.600000000E1
9.302697028E0,6.501108016E1,2.550078103E1,4.058334935E1,5.804736328E1,1.110000014E0,3.586000061E2,2.371575274E-1,4.208384037E0,8.488465309E0,1.600000000E1
9.318649320E0,6.501108582E1,2.550078070E1,4.054648215E1,5.801049805E1,1.110000014E0,3.586000061E2,2.409226005E-1,4.405093193E0,8.488465309E0,1.600000000E1
1.034242031E1,6.501105435E1,2.550075112E1,3.104661881E1,4.851062012E1,1.100000024E0,3.472000122E2,2.419223769E-1,4.301970482E0,7.521406174E0,3.200000000E1
1.134281672E1,6.501105024E1,2.550073219E1,2.647466204E1,4.393865967E1,9.499999881E-1,3.493999939E2,2.423664490E-1,3.790092468E0,5.113860607E0,2.600000000E1
1.233550328E1,6.501105161E1,2.550072331E1,2.475963574E1,4.222363281E1,8.299999833E-1,3.481000061E2,2.430431211E-1,3.790092468E0,4.295458794E0,3.000000000E1
1.334412031E1,6.501105769E1,2.550072270E1,2.360313952E1,4.106713867E1,1.289999962E0,3.591000061E2,2.441409181E-1,3.790092468E0,3.497247219E0,3.000000000E1
1.434102411E1,6.501106701E1,2.550071499E1,2.289995109E1,4.036395264E1,1.159999967E0,3.487999878E2,2.453325593E-1,3.790092468E0,3.184588909E0,3.000000000E1
1.533530708E1,6.501107763E1,2.550071159E1,2.290068016E1,4.036468506E1,1.409999967E0,3.535000000E2,2.465813936E-1,3.790092468E0,2.992800713E0,3.000000000E1
1.633978984E1,6.501108810E1,2.550070197E1,2.333512583E1,4.079913330E1,1.330000043E0,3.532000122E2,2.477911019E-1,3.790092468E0,2.968168259E0,3.000000000E1
1.733677067E1,6.501109883E1,2.550069772E1,2.359360642E1,4.105761719E1,1.340000033E0,3.525000000E2,2.492021659E-1,3.790092468E0,2.718887806E0,2.900000000E1
1.834644260E1,6.501111152E1,2.550069774E1,2.322201990E1,4.068603516E1,1.269999981E0,3.526000061E2,2.505420977E-1,3.790092468E0,2.528174877E0,3.000000000E1
1.933822140E1,6.501112357E1,2.550069794E1,2.356234765E1,4.102636719E1,1.220000029E0,3.526000061E2,2.517029822E-1,3.790092468E0,2.500000000E0,3.100000000E1
2.033536062E1,6.501113401E1,2.550069784E1,2.368807640E1,4.115209961E1,9.499999881E-1,3.525000000E2,2.529896735E-1,3.790092468E0,2.500000000E0,3.200000000E1
2.133759135E1,6.501114558E1,2.550069828E1,2.343270116E1,4.089672852E1,1.240000010E0,3.523999939E2,2.544176752E-1,3.790092468E0,2.500000000E0,3.200000000E1
2.234214067E1,6.501115832E1,2.550070211E1,2.293416105E1,4.039819336E1,1.250000000E0,3.525000000E2,2.560389956E-1,3.790092468E0,2.500000000E0,3.200000000E1
2.333702312E1,6.501117261E1,2.550070897E1,2.339808342E1,4.086212158E1,1.460000038E0,9.500000000E0,2.578280897E-1,3.790092468E0,2.500000000E0,3.200000000E1
2.433856306E1,6.501118769E1,2.550072225E1,2.335614538E1,4.082019043E1,1.500000000E0,2.039999962E1,2.596134372E-1,3.790092468E0,2.500000000E0,3.200000000E1
2.533985176E1,6.501120201E1,2.550073944E1,2.347888001E1,4.094293213E1,1.460000038E0,2.060000038E1,2.613521188E-1,3.790092468E0,2.500000000E0,3.200000000E1
2.633282916E1,6.501121514E1,2.550075954E1,2.310710788E1,4.057116699E1,1.389999986E0,2.400000000E1,2.634154832E-1,3.790092468E0,2.500000000E0,3.300000000E1
2.733819416E1,6.501123162E1,2.550077973E1,2.394792000E1,4.141198730E1,2.119999886E0,2.339999962E1,2.654162245E-1,3.790092468E0,2.500000000E0,3.300000000E1
2.833824822E1,6.501124747E1,2.550079989E1,2.353647405E1,4.100054932E1,1.570000052E0,2.379999924E1,2.670465534E-1,3.790092468E0,2.500000000E0,3.300000000E1
2.934066124E1,6.501125898E1,2.550082139E1,2.360049335E1,4.106457520E1,1.320000052E0,2.389999962E1,2.684616925E-1,3.790092468E0,2.500000000E0,3.300000000E1
3.033930702E1,6.501126573E1,2.550084693E1,2.235769012E1,3.982177734E1,8.199999928E-1,2.420000076E1,2.700846944E-1,3.790092468E0,2.500000000E0,3.300000000E1
3.134122504E1,6.501126937E1,2.550088039E1,2.236989195E1,3.983398438E1,1.440000057E0,7.130000305E1,2.720073960E-1,3.790092468E0,2.500000000E0,3.300000000E1
3.234502290E1,6.501127294E1,2.550092044E1,2.257996900E1,4.004406738E1,1.360000014E0,8.150000000E1,2.737407142E-1,3.790092468E0,2.500000000E0,3.300000000E1
3.333687952E1,6.501127574E1,2.550095674E1,2.276197060E1,4.022607422E1,1.179999948E0,8.100000000E1,2.753022297E-1,3.790092468E0,2.500000000E0,3.300000000E1
3.433853025E1,6.501127838E1,2.550098939E1,2.318811331E1,4.065222168E1,1.110000014E0,8.080000305E1,2.769377464E-1,3.790092468E0,2.500000000E0,3.300000000E1
3.533750931E1,6.501128057E1,2.550102382E1,2.287811095E1,4.034222412E1,1.299999952E0,8.900000000E1,2.786271367E-1,3.790092468E0,2.500000000E0,3.300000000E1
3.634002020E1,6.501128215E1,2.550105959E1,2.251970776E1,3.998382568E1,1.250000000E0,8.909999847E1,2.804878636E-1,3.790092468E0,2.500000000E0,3.300000000E1
3.733850103E1,6.501128450E1,2.550109881E1,2.336033955E1,4.082446289E1,1.570000052E0,8.850000000E1,2.821593832E-1,3.790092468E0,2.500000000E0,3.300000000E1
3.833524655E1,6.501128737E1,2.550113374E1,2.370554929E1,4.116967773E1,1.059999943E0,8.800000000E1,2.838065145E-1,3.790092468E0,2.500000000E0,3.300000000E1
3.934550223E1,6.501129096E1,2.550116776E1,2.354740195E1,4.101153564E1,1.450000048E0,8.200000000E1,2.855251570E-1,3.790092468E0,2.500000000E0,3.300000000E1
4.034170363E1,6.501129504E1,2.550120305E1,2.372946425E1,4.119360352E1,1.289999962E0,8.040000153E1,2.870031307E-1,3.790092468E0,2.500000000E0,3.300000000E1
4.133367040E1,6.501129923E1,2.550123291E1,2.374343633E1,4.120758057E1,1.059999943E0,7.969999695E1,2.885341564E-1,3.790092468E0,2.500000000E0,3.300000000E1
4.233752483E1,6.501130356E1,2.550126385E1,2.344338235E1,4.090753174E1,1.389999986E0,7.990000153E1,2.901588124E-1,3.790092468E0,2.500000000E0,3.300000000E1
4.334260608E1,6.501130660E1,2.550129768E1,2.284211999E1,4.030627441E1,1.309999943E0,8.300000000E1,2.916874451E-1,3.790092468E0,2.500000000E0,3.300000000E1
4.434028457E1,6.501130891E1,2.550132976E1,2.262525751E1,4.008941650E1,1.309999943E0,8.309999847E1,2.931235634E-1,3.790092468E0,2.509026289E0,3.300000000E1
4.533558587E1,6.501130974E1,2.550136027E1,2.229474828E1,3.975891113E1,1.220000029E0,8.369999695E1,2.946323438E-1,3.790092468E0,2.562131405E0,3.300000000E1
4.633936691E1,6.501131008E1,2.550139238E1,2.194244948E1,3.940661621E1,1.299999952E0,9.200000000E1,2.962073935E-1,3.790092468E0,2.500000000E0,3.300000000E1
4.734636342E1,6.501130930E1,2.550142586E1,2.168762405E1,3.915179443E1,1.460000038E0,9.709999847E1,2.978337451E-1,3.790092468E0,2.500000000E0,3.300000000E1
4.834439686E1,6.501130768E1,2.550146027E1,2.077276464E1,3.823693848E1,1.360000014E0,9.730000305E1,2.994352573E-1,3.790092468E0,2.500000000E0,3.300000000E1
4.933737503E1,6.501130398E1,2.550149322E1,1.984160975E1,3.730578613E1,1.429999948E0,9.780000305E1,3.010538540E-1,3.790092468E0,2.500000000E0,3.300000000E1
5.037001852E1,6.501129906E1,2.550152565E1,1.928966677E1,3.675384521E1,1.440000057E0,1.066999969E2,3.025686771E-1,3.790092468E0,2.500000000E0,3.400000000E1
5.134337373E1,6.501129435E1,2.550155591E1,1.869731870E1,3.616149902E1,1.250000000E0,1.065000000E2,3.041550913E-1,3.790092468E0,2.500000000E0,3.400000000E1
5.233953300E1,6.501128951E1,2.550158768E1,1.771342997E1,3.517761230E1,1.440000057E0,9.850000000E1,3.057507038E-1,3.790092468E0,2.500000000E0,3.400000000E1
5.334612191E1,6.501128581E1,2.550162050E1,1.761430634E1,3.507849121E1,1.350000024E0,9.840000153E1,3.072202479E-1,3.790092468E0,2.500000000E0,3.400000000E1
5.434389560E1,6.501128141E1,2.550165000E1,1.839982690E1,3.586401367E1,1.320000052E0,1.135000000E2,3.087446693E-1,3.790092468E0,2.500000000E0,3.400000000E1
5.534585732E1,6.501127548E1,2.550167926E1,1.918205212E1,3.664624023E1,1.330000043E0,1.198000031E2,3.103063272E-1,3.790092468E0,2.500000000E0,3.400000000E1
5.635342863E1,6.501126902E1,2.550170878E1,1.900083757E1,3.646502686E1,1.330000043E0,1.241999969E2,3.117851953E-1,3.790092468E0,2.500000000E0,3.500000000E1
5.736905914E1,6.501126072E1,2.550173338E1,1.896104269E1,3.642523193E1,1.309999943E0,1.325000000E2,3.133793719E-1,3.790092468E0,2.500000000E0,3.500000000E1
5.834492618E1,6.501125083E1,2.550175795E1,1.879368490E1,3.625787354E1,1.470000029E0,1.330000000E2,3.150344563E-1,3.790092468E0,2.500000000E0,3.500000000E1
5.934555821E1,6.501124032E1,2.550178290E1,1.800773598E1,3.547192383E1,1.419999957E0,1.331999969E2,3.166275670E-1,3.790092468E0,2.500000000E0,3.500000000E1
6.034566008E1,6.501123062E1,2.550180786E1,1.747264126E1,3.493682861E1,1.330000043E0,1.336000061E2,3.181315633E-1,3.790092468E0,2.500000000E0,3.500000000E1
6.134432638E1,6.501122257E1,2.550183359E1,1.762413035E1,3.508831787E1,1.149999976E0,1.265000000E2,3.195727343E-1,3.790092468E0,2.500000000E0,3.500000000E1
6.234290711E1,6.501121405E1,2.550185671E1,1.824498025E1,3.570916748E1,1.279999971E0,1.331999969E2,3.210929055E-1,3.790092468E0,2.500000000E0,3.500000000E1
6.334720888E1,6.501120358E1,2.550187752E1,1.829814313E1,3.576232910E1,1.370000005E0,1.438000031E2,3.226207533E-1,3.790092468E0,2.500000000E0,3.500000000E1
6.434699935E1,6.501119227E1,2.550189599E1,1.839873089E1,3.586291504E1,1.289999962E0,1.330000000E2,3.240549203E-1,3.790092468E0,2.500000000E0,3.500000000E1
6.533957003E1,6.501118083E1,2.550191009E1,1.851213659E1,3.597631836E1,1.269999981E0,1.560000000E2,3.254552997E-1,3.790092468E0,2.500000000E0,3.500000000E1
6.634628185E1,6.501116946E1,2.550192291E1,1.809258343E1,3.555676270E1,1.190000057E0,1.330000000E2,3.266479132E-1,3.790092468E0,2.500000000E0,3.500000000E1
6.733979711E1,6.501116092E1,2.550193827E1,1.815368083E1,3.561785889E1,8.399999738E-1,1.330000000E2,3.277055633E-1,3.790092468E0,2.500000000E0,3.500000000E1
6.833799539E1,6.501115589E1,2.550195738E1,1.864763789E1,3.611181641E1,9.100000262E-1,1.295000000E2,3.287896551E-1,3.790092468E0,2.500000000E0,3.500000000E1
6.933623753E1,6.501115225E1,2.550197879E1,1.833086420E1,3.579504395E1,7.500000000E-1,1.330000000E2,3.298824491E-1,3.790092468E0,2.500000000E0,3.500000000E1
7.033780706E1,6.501114938E1,2.550200104E1,1.780425128E1,3.526843262E1,8.199999928E-1,1.145999985E2,3.310081433E-1,3.790092468E0,2.500000000E0,3.400000000E1
7.133291534E1,6.501114593E1,2.550202357E1,1.819127378E1,3.565545654E1,8.299999833E-1,1.165000000E2,3.318297652E-1,3.790092468E0,2.500000000E0,3.400000000E1
7.233225523E1,6.501114269E1,2.550203929E1,1.844102894E1,3.590521240E1,4.399999976E-1,1.330000000E2,3.322545251E-1,3.790092468E0,2.500000000E0,3.400000000E1
7.334628372E1,6.501114095E1,2.550204734E1,1.922441484E1,3.668859863E1,2.099999934E-1,1.330000000E2,3.329109928E-1,3.790092468E0,2.500000000E0,3.500000000E1
7.434552528E1,6.501113762E1,2.550205888E1,1.973772032E1,3.720190430E1,8.299999833E-1,1.180000000E2,3.338257528E-1,3.790092468E0,2.500000000E0,3.500000000E1
7.534518883E1,6.501113308E1,2.550207512E1,1.961998320E1,3.708416748E1,7.900000215E-1,1.330000000E2,3.347280578E-1,3.790092468E0,2.500000000E0,3.500000000E1
7.634306841E1,6.501112951E1,2.550209237E1,2.018492384E1,3.764910889E1,8.199999928E-1,1.185000000E2,3.359729859E-1,3.790092468E0,2.500000000E0,3.500000000E1
7.734270205E1,6.501112522E1,2.550211685E1,2.086552552E1,3.832971191E1,1.340000033E0,1.143000031E2,3.373101716E-1,3.790092468E0,2.500000000E0,3.500000000E1
7.834284466E1,6.501112205E1,2.550214431E1,2.071311863E1,3.817730713E1,9.900000095E-1,1.056999969E2,3.386384918E-1,3.790092468E0,2.500000000E0,3.500000000E1
7.934600841E1,6.501112143E1,2.550217255E1,2.104423126E1,3.850842285E1,1.190000057E0,9.740000153E1,3.400048702E-1,3.790092468E0,2.500000000E0,3.600000000E1
8.034639539E1,6.501112275E1,2.550220147E1,2.078787975E1,3.825207520E1,1.190000057E0,8.500000000E1,3.415186974E-1,3.790092468E0,2.500000000E0,3.600000000E1
8.135372783E1,6.501112616E1,2.550223267E1,2.050381728E1,3.796801758E1,1.450000048E0,7.850000000E1,3.429031679E-1,3.790092468E0,2.500000000E0,3.600000000E1
8.234284367E1,6.501112854E1,2.550226160E1,1.979879596E1,3.726300049E1,1.120000005E0,8.419999695E1,3.441355966E-1,3.790092468E0,2.500000000E0,3.600000000E1
8.347012148E1,6.501113031E1,2.550228750E1,1.863747638E1,3.610168457E1,9.200000167E-1,8.630000305E1,3.454471454E-1,3.790092468E0,2.500000000E0,3.600000000E1
8.433962028E1,6.501113320E1,2.550231457E1,1.903798489E1,3.650219727E1,1.190000057E0,8.380000305E1,3.467978347E-1,3.790092468E0,2.500000000E0,3.700000000E1
8.534528596E1,6.501113709E1,2.550234181E1,1.834938169E1,3.581359863E1,1.080000043E0,7.509999847E1,3.479687072E-1,3.790092468E0,2.500000000E0,3.700000000E1
8.634408288E1,6.501114300E1,2.550236244E1,1.870173315E1,3.616595459E1,8.500000238E-1,6.190000153E1,3.490692794E-1,3.790092468E0,2.500000000E0,3.700000000E1
8.734008200E1,6.501115124E1,2.550237542E1,1.925568381E1,3.671990967E1,8.799999952E-1,4.250000000E1,3.503402067E-1,3.790092468E0,2.500000000E0,3.700000000E1
8.834878007E1,6.501116256E1,2.550237916E1,1.883899237E1,3.630322266E1,1.070000052E0,1.000000000E1,3.519840097E-1,3.790092468E0,2.500000000E0,3.700000000E1
8.933782226E1,6.501117723E1,2.550237484E1,1.899468839E1,3.645892334E1,1.480000019E0,3.570000000E2,3.536066076E-1,3.790092468E0,2.500000000E0,3.700000000E1
9.034452596E1,6.501119159E1,2.550236870E1,1.877318747E1,3.623742676E1,1.220000029E0,3.568999939E2,3.550754869E-1,3.790092468E0,2.500000000E0,3.700000000E1
9.134148679E1,6.501120445E1,2.550236155E1,1.836034199E1,3.582458496E1,1.230000019E0,3.476000061E2,3.561484993E-1,3.790092468E0,2.500000000E0,3.700000000E1
9.234596465E1,6.501121380E1,2.550235590E1,1.783751221E1,3.530175781E1,7.699999809E-1,3.480000000E2,3.568213036E-1,3.790092468E0,2.500000000E0,3.700000000E1
9.334642075E1,6.501121960E1,2.550235182E1,1.720237881E1,3.466662598E1,5.000000000E-1,3.480000000E2,3.573210350E-1,3.790092468E0,2.500000000E0,3.700000000E1
9.434070752E1,6.501122372E1,2.550234757E1,1.690513664E1,3.436938477E1,3.799999952E-1,3.478999939E2,3.575729317E-1,3.790092468E0,2.500000000E0,3.700000000E1
9.534967950E1,6.501122584E1,2.550234568E1,1.701573182E1,3.447998047E1,0.000000000E0,NaN,3.576692121E-1,3.790092468E0,2.500000000E0,3.700000000E1
9.634244111E1,6.501122623E1,2.550234385E1,1.718827828E1,3.465252686E1,0.000000000E0,NaN,3.678965707E-1,3.790092468E0,2.500000000E0,3.700000000E1
9.730262276E1,6.501115570E1,2.550248360E1,1.993576142E1,3.740000153E1,NaN,NaN,3.822426541E-1,1.597999954E1,1.000000000E0,0.000000000E0
9.974262569E1,6.501126621E1,2.550232599E1,1.545163300E1,3.291589355E1,1.539999962E0,5.379999924E1,3.830947075E-1,6.035661221E0,9.184771538E0,0.000000000E0
9.977099689E1,6.501127074E1,2.550234062E1,1.553768926E1,3.300195312E1,1.539999962E0,5.379999924E1,3.843476472E-1,6.045100212E0,9.186999321E0,0.000000000E0
1.007929880E2,6.501127698E1,2.550236283E1,1.481844618E1,3.228271484E1,1.259999990E0,4.800000000E1,3.880857745E-1,4.295305252E0,6.875026226E0,2.300000000E1
1.018052587E2,6.501127131E1,2.550244127E1,1.790901516E1,3.537329102E1,1.100000024E0,2.850000000E1,3.903262520E-1,3.790092468E0,4.226737976E0,3.300000000E1
1.028075182E2,6.501129032E1,2.550245708E1,1.757575467E1,3.504003906E1,1.399999976E0,2.350000000E1,3.922343779E-1,3.790092468E0,3.621093988E0,3.500000000E1
1.038072085E2,6.501130510E1,2.550247772E1,1.832550291E1,3.578979492E1,1.059999943E0,2.589999962E1,3.939876929E-1,3.790092468E0,3.120147228E0,3.600000000E1
1.048057850E2,6.501132076E1,2.550248208E1,1.805437872E1,3.551867676E1,1.039999962E0,1.250000000E1,3.958277491E-1,3.790092468E0,2.934810638E0,3.600000000E1
1.058103839E2,6.501133645E1,2.550249453E1,1.752489176E1,3.498919678E1,9.399999976E-1,2.970000076E1,3.978326431E-1,3.790092468E0,2.648225307E0,3.600000000E1
1.067974352E2,6.501135448E1,2.550249483E1,1.770701428E1,3.517132568E1,1.049999952E0,2.900000095E0,3.990213484E-1,3.790092468E0,2.500000000E0,3.600000000E1
1.077983709E2,6.501136469E1,2.550250233E1,1.774967339E1,3.521398926E1,9.599999785E-1,1.850000000E1,4.002607257E-1,3.790092468E0,2.505470514E0,3.600000000E1
1.087985948E2,6.501137475E1,2.550251369E1,1.751742975E1,3.498175049E1,1.389999986E0,3.070000076E1,4.014101173E-1,3.790092468E0,2.500000000E0,3.600000000E1
1.098005827E2,6.501138440E1,2.550252246E1,1.690701273E1,3.437133789E1,1.080000043E0,1.300000000E1,4.026237865E-1,3.790092468E0,2.500000000E0,3.600000000E1
1.108011133E2,6.501139493E1,2.550252926E1,1.656142717E1,3.402575684E1,1.360000014E0,1.339999962E1,4.040377584E-1,3.790092468E0,2.500000000E0,3.600000000E1
1.118029519E2,6.501140736E1,2.550253561E1,1.623592156E1,3.370025635E1,1.399999976E0,1.319999981E1,4.052727763E-1,3.790092468E0,2.500000000E0,3.600000000E1
1.128030440E2,6.501141823E1,2.550254101E1,1.672377111E1,3.418811035E1,9.900000095E-1,1.319999981E1,4.063894488E-1,3.790092468E0,2.500000000E0,3.600000000E1
1.138042543E2,6.501142779E1,2.550254829E1,1.644770488E1,3.391204834E1,1.090000033E0,1.219999981E1,4.073795355E-1,3.790092468E0,2.500000000E0,3.600000000E1
1.147926195E2,6.501143610E1,2.550255586E1,1.721631679E1,3.468066406E1,7.900000215E-1,1.389999962E1,4.084896694E-1,3.790092468E0,2.500000000E0,3.600000000E1
1.157905828E2,6.501144526E1,2.550256526E1,1.618695456E1,3.365130615E1,1.250000000E0,1.400000000E1,4.100185531E-1,3.790092468E0,2.500000000E0,3.600000000E1
1.167967121E2,6.501145826E1,2.550257586E1,1.645037648E1,3.391473389E1,1.559999943E0,1.720000076E1,4.112719339E-1,3.790092468E0,2.500000000E0,3.600000000E1
1.177945002E2,6.501146902E1,2.550258381E1,1.633928778E1,3.380364990E1,9.499999881E-1,1.389999962E1,4.127717656E-1,3.790092468E0,2.500000000E0,3.500000000E1
1.187935380E2,6.501148246E1,2.550258651E1,1.610429738E1,3.356866455E1,1.909999967E0,3.541000061E2,4.153199495E-1,3.790092468E0,2.500000000E0,3.500000000E1
1.197954696E2,6.501150536E1,2.550258856E1,1.553611281E1,3.300048828E1,2.880000114E0,0.000000000E0,4.171284843E-1,3.790092468E0,2.500000000E0,3.600000000E1
1.207956705E2,6.501152162E1,2.550258765E1,1.588480104E1,3.334918213E1,8.500000238E-1,1.100000024E0,4.181406144E-1,3.790092468E0,2.500000000E0,3.600000000E1
1.217937835E2,6.501153071E1,2.550258653E1,1.606173889E1,3.352612305E1,1.149999976E0,8.000000119E-1,4.193223652E-1,3.790092468E0,2.500000000E0,3.600000000E1
1.227973429E2,6.501154133E1,2.550258749E1,1.563986004E1,3.310424805E1,1.039999962E0,8.000000119E-1,4.206729674E-1,3.790092468E0,2.500000000E0,3.600000000E1
1.237962912E2,6.501155344E1,2.550258971E1,1.624910845E1,3.371350098E1,1.360000014E0,4.000000060E-1,4.221182690E-1,3.790092468E0,2.500000000E0,3.600000000E1
1.247992167E2,6.501156530E1,2.550260230E1,1.669905398E1,3.416345215E1,1.399999976E0,4.609999847E1,4.236902737E-1,3.790092468E0,2.500000000E0,3.600000000E1
1.257998942E2,6.501157433E1,2.550262805E1,1.709901117E1,3.456341553E1,1.570000052E0,5.750000000E1,4.252769108E-1,3.790092468E0,2.500000000E0,3.600000000E1
1.267955078E2,6.501157868E1,2.550266022E1,1.721509475E1,3.467950439E1,1.330000043E0,4.690000153E1,4.268311860E-1,3.790092468E0,2.500000000E0,3.600000000E1
1.277976566E2,6.501157944E1,2.550269326E1,1.686615263E1,3.433056641E1,1.379999995E0,8.650000000E1,4.284149119E-1,3.790092468E0,2.500000000E0,3.600000000E1
1.288017826E2,6.501158026E1,2.550272692E1,1.592516941E1,3.338958740E1,1.460000038E0,8.669999695E1,4.299116666E-1,3.790092468E0,2.500000000E0,3.600000000E1
1.298097631E2,6.501158276E1,2.550275823E1,1.538414925E1,3.284857178E1,1.269999981E0,8.669999695E1,4.313526010E-1,3.790092468E0,2.500000000E0,3.600000000E1
1.307951036E2,6.501158592E1,2.550278798E1,1.611101233E1,3.357543945E1,1.169999957E0,7.900000000E1,4.323028172E-1,3.790092468E0,2.500000000E0,3.600000000E1
1.317963280E2,6.501158763E1,2.550280780E1,1.610844594E1,3.357287598E1,3.799999952E-1,7.990000153E1,4.330907908E-1,3.790092468E0,2.500000000E0,3.600000000E1
1.327909316E2,6.501158868E1,2.550282439E1,1.664598025E1,3.411041260E1,7.200000286E-1,7.959999847E1,4.338774122E-1,3.790092468E0,2.500000000E0,3.600000000E1
1.337907475E2,6.501158926E1,2.550284108E1,1.644736970E1,3.391180420E1,6.100000143E-1,7.980000305E1,4.345243789E-1,3.790092468E0,2.500000000E0,3.600000000E1
1.347874273E2,6.501158834E1,2.550285468E1,1.637400418E1,3.383843994E1,5.500000119E-1,7.990000153E1,4.353999832E-1,3.790092468E0,2.500000000E0,3.600000000E1
1.357875852E2,6.501158827E1,2.550287332E1,1.713285212E1,3.459729004E1,7.500000000E-1,8.469999695E1,4.364953315E-1,3.790092468E0,2.500000000E0,3.600000000E1
1.367975415E2,6.501158778E1,2.550289661E1,1.638779342E1,3.385223389E1,9.499999881E-1,8.509999847E1,4.379539569E-1,3.790092468E0,2.500000000E0,3.700000000E1
1.377929577E2,6.501158945E1,2.550292741E1,1.683725213E1,3.430169678E1,1.610000014E0,7.690000153E1,4.395511019E-1,3.790092468E0,2.500000000E0,3.700000000E1
1.387908815E2,6.501159441E1,2.550295932E1,1.693612361E1,3.440057373E1,1.559999943E0,7.700000000E1,4.410427775E-1,3.790092468E0,2.500000000E0,3.700000000E1
1.397924353E2,6.501159792E1,2.550298997E1,1.625771303E1,3.372216797E1,1.490000010E0,7.700000000E1,4.425599848E-1,3.790092468E0,2.500000000E0,3.700000000E1
1.407948559E2,6.501159968E1,2.550302200E1,1.521559442E1,3.268005371E1,1.399999976E0,7.700000000E1,4.438422817E-1,3.790092468E0,2.500000000E0,3.700000000E1
1.417931998E2,6.501159819E1,2.550304907E1,1.613575779E1,3.360021973E1,1.139999986E0,9.150000000E1,4.452186847E-1,3.790092468E0,2.500000000E0,3.700000000E1
1.427998445E2,6.501159600E1,2.550307791E1,1.505164875E1,3.251611328E1,1.419999957E0,8.709999847E1,4.466822843E-1,3.790092468E0,2.500000000E0,3.700000000E1
1.437972194E2,6.501159476E1,2.550310893E1,1.538501958E1,3.284948730E1,1.379999995E0,8.709999847E1,4.481913006E-1,3.790092468E0,2.500000000E0,3.700000000E1
1.447960766E2,6.501159501E1,2.550314105E1,1.603058459E1,3.349505615E1,1.490000010E0,8.250000000E1,4.496740029E-1,3.790092468E0,2.500000000E0,3.700000000E1
1.457984640E2,6.501159564E1,2.550317258E1,1.596539514E1,3.342987061E1,1.470000029E0,8.219999695E1,4.510770279E-1,3.790092468E0,2.500000000E0,3.700000000E1
1.468015592E2,6.501159609E1,2.550320243E1,1.598187099E1,3.344635010E1,1.330000043E0,8.519999695E1,4.524656707E-1,3.790092468E0,2.500000000E0,3.700000000E1
1.478005582E2,6.501159718E1,2.550323188E1,1.624169382E1,3.370617676E1,1.500000000E0,8.369999695E1,4.538491436E-1,3.790092468E0,2.500000000E0,3.700000000E1
1.487990275E2,6.501159836E1,2.550326120E1,1.572301323E1,3.318750000E1,1.259999990E0,8.419999695E1,4.549056547E-1,3.790092468E0,2.500000000E0,3.700000000E1
1.497975153E2,6.501159912E1,2.550328362E1,1.547880868E1,3.294329834E1,9.599999785E-1,8.250000000E1,4.555928639E-1,3.790092468E0,2.500000000E0,3.700000000E1
1.508013441E2,6.501159912E1,2.550329825E1,1.537754965E1,3.284204102E1,4.699999988E-1,8.259999847E1,4.558732385E-1,3.790092468E0,2.500000000E0,3.700000000E1
1.517833020E2,6.501159726E1,2.550330228E1,1.477275247E1,3.223724365E1,0.000000000E0,NaN,4.559726112E-1,3.790092468E0,2.500000000E0,3.700000000E1
1.528021698E2,6.501159659E1,2.550330368E1,1.455168320E1,3.201617432E1,0.000000000E0,NaN,4.562407450E-1,3.790092468E0,2.500000000E0,3.700000000E1
1.538031749E2,6.501159646E1,2.550330938E1,1.482646286E1,3.229095459E1,3.700000048E-1,8.250000000E1,4.569857451E-1,3.790092468E0,2.500000000E0,3.700000000E1
1.548006125E2,6.501159788E1,2.550332488E1,1.485337705E1,3.231787109E1,8.799999952E-1,8.250000000E1,4.582336339E-1,3.790092468E0,2.500000000E0,3.700000000E1
1.558012934E2,6.501159873E1,2.550335137E1,1.536698450E1,3.283148193E1,1.330000043E0,8.250000000E1,4.596085657E-1,3.790092468E0,2.500000000E0,3.700000000E1
1.568103342E2,6.501160014E1,2.550338045E1,1.580051332E1,3.326501465E1,1.279999971E0,8.250000000E1,4.609737892E-1,3.790092468E0,2.500000000E0,3.700000000E1
1.577993767E2,6.501159993E1,2.550340951E1,1.549307592E1,3.295758057E1,1.330000043E0,8.250000000E1,4.623385069E-1,3.790092468E0,2.500000000E0,3.700000000E1
1.588169030E2,6.501159974E1,2.550343856E1,1.538528450E1,3.284979248E1,1.419999957E0,9.200000000E1,4.636951527E-1,3.790092468E0,2.500000000E0,3.700000000E1
1.598090682E2,6.501159961E1,2.550346744E1,1.528597698E1,3.275048828E1,1.289999962E0,9.230000305E1,4.651107102E-1,3.790092468E0,2.500000000E0,3.700000000E1
1.608043711E2,6.501159986E1,2.550349757E1,1.521517259E1,3.267968750E1,1.450000048E0,8.550000000E1,4.666211481E-1,3.790092468E0,2.500000000E0,3.700000000E1
1.618197121E2,6.501160106E1,2.550352960E1,1.518050046E1,3.264501953E1,1.450000048E0,8.250000000E1,4.681966669E-1,3.790092468E0,2.500000000E0,3.700000000E1
1.628059769E2,6.501160216E1,2.550356304E1,1.488899226E1,3.235351562E1,1.509999990E0,8.250000000E1,4.696621743E-1,3.790092468E0,2.500000000E0,3.800000000E1
1.638114535E2,6.501160248E1,2.550359423E1,1.500367356E1,3.246820068E1,1.330000043E0,9.219999695E1,4.710814674E-1,3.790092468E0,2.500000000E0,3.800000000E1
1.647987153E2,6.501160224E1,2.550362444E1,1.540235176E1,3.286688232E1,1.370000005E0,9.140000153E1,4.724554185E-1,3.790092468E0,2.500000000E0,3.800000000E1
1.658060672E2,6.501160280E1,2.550365366E1,1.561835156E1,3.308288574E1,1.320000052E0,8.600000000E1,4.739110029E-1,3.790092468E0,2.500000000E0,3.800000000E1
1.668005911E2,6.501160412E1,2.550368449E1,1.558300814E1,3.304754639E1,1.460000038E0,8.569999695E1,4.753405338E-1,3.790092468E0,2.500000000E0,3.800000000E1
1.677937579E2,6.501160545E1,2.550371476E1,1.579644408E1,3.326098633E1,1.320000052E0,8.609999847E1,4.766216833E-1,3.790092468E0,2.500000000E0,3.800000000E1
1.688089824E2,6.501160702E1,2.550374178E1,1.576116206E1,3.322570801E1,1.250000000E0,8.609999847E1,4.778719858E-1,3.790092468E0,2.500000000E0,3.800000000E1
1.698040723E2,6.501160864E1,2.550376812E1,1.641289181E1,3.387744141E1,1.210000038E0,8.400000000E1,4.791307641E-1,3.790092468E0,2.500000000E0,3.800000000E1
1.707925363E2,6.501161051E1,2.550379455E1,1.644566394E1,3.391021729E1,1.250000000E0,8.100000000E1,4.805065446E-1,3.790092468E0,2.500000000E0,3.800000000E1
1.718102554E2,6.501161167E1,2.550382371E1,1.634879734E1,3.381335449E1,1.399999976E0,8.709999847E1,4.818982988E-1,3.790092468E0,2.500000000E0,3.800000000E1
1.728179118E2,6.501161246E1,2.550385328E1,1.615415249E1,3.361871338E1,1.289999962E0,8.419999695E1,4.832210635E-1,3.790092468E0,2.500000000E0,3.800000000E1
1.737973243E2,6.501161252E1,2.550388144E1,1.652353395E1,3.398809814E1,1.299999952E0,8.419999695E1,4.846077041E-1,3.790092468E0,2.500000000E0,3.800000000E1
1.748033002E2,6.501161066E1,2.550391063E1,1.614132904E1,3.360589600E1,1.429999948E0,1.018000031E2,4.861403014E-1,3.790092468E0,2.500000000E0,3.800000000E1
1.758014059E2,6.501160836E1,2.550394280E1,1.588284221E1,3.334741211E1,1.500000000E0,1.015999985E2,4.876298592E-1,3.790092468E0,2.500000000E0,3.800000000E1
1.768007296E2,6.501160385E1,2.550397266E1,1.581142917E1,3.327600098E1,1.429999948E0,1.215999985E2,4.891267394E-1,3.790092468E0,2.500000000E0,3.800000000E1
1.778108319E2,6.501159656E1,2.550399945E1,1.582247596E1,3.328704834E1,1.450000048E0,1.245999985E2,4.904943394E-1,3.790092468E0,2.500000000E0,3.800000000E1
1.787964450E2,6.501158750E1,2.550401914E1,1.584689090E1,3.331146240E1,1.129999995E0,1.403000031E2,4.918185699E-1,3.790092468E0,2.500000000E0,3.800000000E1
1.798204346E2,6.501157766E1,2.550403502E1,1.603335490E1,3.349792480E1,1.269999981E0,1.405000000E2,4.933069819E-1,3.790092468E0,2.500000000E0,3.800000000E1
1.807959391E2,6.501156573E1,2.550404939E1,1.582699754E1,3.329156494E1,1.340000033E0,1.548000031E2,4.947975020E-1,3.790092468E0,2.500000000E0,3.800000000E1
1.818003476E2,6.501155324E1,2.550406091E1,1.613174911E1,3.359631348E1,1.340000033E0,1.558000031E2,4.962759778E-1,3.790092468E0,2.500000000E0,3.700000000E1
1.828020872E2,6.501154058E1,2.550407053E1,1.597226757E1,3.343682861E1,1.289999962E0,1.611000061E2,4.976590655E-1,3.790092468E0,2.500000000E0,3.700000000E1
1.837893621E2,6.501152863E1,2.550407870E1,1.590842803E1,3.337298584E1,1.159999967E0,1.601999969E2,4.988518116E-1,3.790092468E0,2.500000000E0,3.900000000E1
1.847944376E2,6.501151833E1,2.550408579E1,1.593730044E1,3.340185547E1,1.019999981E0,1.591999969E2,5.002181542E-1,3.790092468E0,2.500000000E0,3.900000000E1
1.858077381E2,6.501150669E1,2.550409511E1,1.573307980E1,3.319763184E1,1.350000024E0,1.606000061E2,5.016240109E-1,3.790092468E0,2.500000000E0,3.900000000E1
1.867932275E2,6.501149483E1,2.550410548E1,1.584807299E1,3.331262207E1,1.190000057E0,1.581000061E2,5.029497250E-1,3.790092468E0,2.500000000E0,3.900000000E1
1.877941622E2,6.501148376E1,2.550411596E1,1.635076119E1,3.381530762E1,1.269999981E0,1.600000000E2,5.049836527E-1,3.790092468E0,2.500000000E0,3.900000000E1
1.887950877E2,6.501146577E1,2.550412379E1,1.622796385E1,3.369250488E1,2.500000000E0,1.778999939E2,5.066374777E-1,3.790092468E0,2.500000000E0,3.900000000E1
1.898015523E2,6.501145122E1,2.550413109E1,1.599933040E1,3.346386719E1,1.000000000E0,1.766000061E2,5.077817073E-1,3.790092468E0,2.500000000E0,4.000000000E1
1.907963717E2,6.501144134E1,2.550413790E1,1.591138141E1,3.337591553E1,1.409999967E0,1.656999969E2,5.092170671E-1,3.790092468E0,2.500000000E0,4.000000000E1
1.918040402E2,6.501142965E1,2.550415086E1,1.613159884E1,3.359613037E1,1.480000019E0,1.543999939E2,5.105209714E-1,3.790092468E0,2.500000000E0,4.000000000E1
1.928029322E2,6.501142038E1,2.550416786E1,1.641687842E1,3.388140869E1,1.220000029E0,1.541999969E2,5.118417561E-1,3.790092468E0,2.500000000E0,4.000000000E1
1.938021384E2,6.501141138E1,2.550418621E1,1.616504838E1,3.362957764E1,1.429999948E0,1.488999939E2,5.132713464E-1,3.790092468E0,2.500000000E0,4.000000000E1
1.947975057E2,6.501140123E1,2.550420489E1,1.625147554E1,3.371600342E1,1.450000048E0,1.488000031E2,5.146832494E-1,3.790092468E0,2.500000000E0,4.100000000E1
1.958040191E2,6.501139041E1,2.550422062E1,1.611176802E1,3.357629395E1,1.379999995E0,1.553999939E2,5.160227160E-1,3.790092468E0,2.500000000E0,4.100000000E1
1.967921250E2,6.501137940E1,2.550423219E1,1.636177052E1,3.382629395E1,1.350000024E0,1.586999969E2,5.173600174E-1,3.790092468E0,2.500000000E0,4.100000000E1
1.977980856E2,6.501136801E1,2.550424133E1,1.624586769E1,3.371038818E1,1.340000033E0,1.661999969E2,5.187813374E-1,3.790092468E0,2.500000000E0,4.100000000E1
1.988043112E2,6.501135574E1,2.550424981E1,1.625740664E1,3.372192383E1,1.440000057E0,1.665000000E2,5.202327990E-1,3.790092468E0,2.500000000E0,4.100000000E1
1.998032458E2,6.501134328E1,2.550425902E1,1.605935085E1,3.352386475E1,1.340000033E0,1.646000061E2,5.216662775E-1,3.790092468E0,2.500000000E0,4.100000000E1
2.008016258E2,6.501133132E1,2.550427041E1,1.592916572E1,3.339367676E1,1.419999957E0,1.663999939E2,5.233825647E-1,3.790092468E0,2.500000000E0,4.100000000E1
2.017943737E2,6.501131754E1,2.550428687E1,1.546163933E1,3.292614746E1,1.710000038E0,1.663000031E2,5.249571655E-1,3.790092468E0,2.500000000E0,4.100000000E1
2.028070901E2,6.501130450E1,2.550429994E1,1.605252372E1,3.351702881E1,1.269999981E0,1.633999939E2,5.263466777E-1,3.790092468E0,2.500000000E0,4.100000000E1
2.037909859E2,6.501129280E1,2.550431033E1,1.634549536E1,3.380999756E1,1.299999952E0,1.631999969E2,5.277737340E-1,3.790092468E0,2.500000000E0,4.100000000E1
2.048113245E2,6.501128051E1,2.550431908E1,1.602915343E1,3.349365234E1,1.379999995E0,1.638000031E2,5.292013604E-1,3.790092468E0,2.500000000E0,4.100000000E1
2.057978901E2,6.501126823E1,2.550432795E1,1.615250874E1,3.361700439E1,1.399999976E0,1.645000000E2,5.306323658E-1,3.790092468E0,2.500000000E0,4.100000000E1
2.068035293E2,6.501125609E1,2.550433806E1,1.583677695E1,3.330126953E1,1.379999995E0,1.636999969E2,5.320997480E-1,3.790092468E0,2.500000000E0,4.100000000E1
2.078124140E2,6.501124363E1,2.550434835E1,1.508531527E1,3.254980469E1,1.409999967E0,1.636999969E2,5.334823370E-1,3.790092468E0,2.500000000E0,4.100000000E1
2.088063476E2,6.501123191E1,2.550435818E1,1.576787438E1,3.323236084E1,1.210000038E0,1.636999969E2,5.348889946E-1,3.790092468E0,2.500000000E0,4.100000000E1
2.098040933E2,6.501121973E1,2.550436627E1,1.525145925E1,3.271594238E1,1.379999995E0,1.646999969E2,5.364227260E-1,3.790092468E0,2.500000000E0,4.100000000E1
2.108132196E2,6.501120654E1,2.550437582E1,1.539690953E1,3.286138916E1,1.470000029E0,1.645000000E2,5.379094537E-1,3.790092468E0,2.500000000E0,4.100000000E1
2.117936858E2,6.501119387E1,2.550438593E1,1.529644892E1,3.276092529E1,1.350000024E0,1.618999939E2,5.393862641E-1,3.790092468E0,2.500000000E0,4.100000000E1
2.128134783E2,6.501118161E1,2.550439802E1,1.563635659E1,3.310083008E1,1.419999957E0,1.605000000E2,5.409854444E-1,3.790092468E0,2.500000000E0,4.100000000E1
2.137971452E2,6.501116806E1,2.550440943E1,1.549878676E1,3.296325684E1,1.539999962E0,1.613999939E2,5.426000987E-1,3.790092468E0,2.500000000E0,4.100000000E1
2.148050273E2,6.501115407E1,2.550441864E1,1.580933746E1,3.327380371E1,1.490000010E0,1.615000000E2,5.439647344E-1,3.790092468E0,2.500000000E0,4.100000000E1
2.157996821E2,6.501114210E1,2.550442505E1,1.584992928E1,3.331439209E1,1.200000048E0,1.615000000E2,5.453893515E-1,3.790092468E0,2.500000000E0,4.100000000E1
2.168013644E2,6.501112975E1,2.550443312E1,1.524721049E1,3.271166992E1,1.429999948E0,1.651999969E2,5.468913972E-1,3.790092468E0,2.500000000E0,4.100000000E1
2.178059582E2,6.501111690E1,2.550444298E1,1.469704294E1,3.216149902E1,1.399999976E0,1.648000031E2,5.483673866E-1,3.790092468E0,2.500000000E0,4.100000000E1
2.187954761E2,6.501110425E1,2.550445250E1,1.461940954E1,3.208386230E1,1.419999957E0,1.658000031E2,5.498155204E-1,3.790092468E0,2.500000000E0,4.100000000E1
2.198048321E2,6.501109187E1,2.550446207E1,1.429598747E1,3.176043701E1,1.379999995E0,1.633999939E2,5.512226873E-1,3.790092468E0,2.500000000E0,4.100000000E1
2.208120527E2,6.501107969E1,2.550447020E1,1.420425494E1,3.166870117E1,1.340000033E0,1.673999939E2,5.526597514E-1,3.790092468E0,2.500000000E0,4.100000000E1
2.218037113E2,6.501106703E1,2.550447635E1,1.377304528E1,3.123748779E1,1.370000005E0,1.676000061E2,5.540987491E-1,3.790092468E0,2.500000000E0,4.100000000E1
2.228091720E2,6.501105431E1,2.550448199E1,1.365335913E1,3.111779785E1,1.370000005E0,1.681000061E2,5.555386492E-1,3.790092468E0,2.500000000E0,4.000000000E1
2.238084700E2,6.501104167E1,2.550448865E1,1.354362157E1,3.100805664E1,1.340000033E0,1.658000031E2,5.569578048E-1,3.790092468E0,2.500000000E0,4.000000000E1
2.247952976E2,6.501102931E1,2.550449618E1,1.354197707E1,3.100640869E1,1.350000024E0,1.631999969E2,5.583459940E-1,3.790092468E0,2.500000000E0,4.000000000E1
2.258051290E2,6.501101746E1,2.550450548E1,1.384209000E1,3.130651855E1,1.360000014E0,1.603999939E2,5.597069306E-1,3.790092468E0,2.500000000E0,4.000000000E1
2.267993181E2,6.501100572E1,2.550451367E1,1.408074061E1,3.154516602E1,1.259999990E0,1.623000031E2,5.610396054E-1,3.790092468E0,2.500000000E0,4.000000000E1
2.278021941E2,6.501099404E1,2.550452003E1,1.401452081E1,3.147894287E1,1.279999971E0,1.651000061E2,5.621841715E-1,3.790092468E0,2.500000000E0,4.000000000E1
2.287984334E2,6.501098390E1,2.550452422E1,1.377001704E1,3.123443604E1,9.800000191E-1,1.648999939E2,5.630919633E-1,3.790092468E0,2.500000000E0,4.000000000E1
2.297951203E2,6.501097575E1,2.550452309E1,1.361889698E1,3.108331299E1,8.199999928E-1,1.658000031E2,5.638725435E-1,3.790092468E0,2.500000000E0,4.000000000E1
2.308029660E2,6.501096936E1,2.550451621E1,1.362817737E1,3.109259033E1,6.200000048E-1,1.656000061E2,5.645166790E-1,3.790092468E0,2.500000000E0,4.000000000E1
2.317972290E2,6.501096813E1,2.550450281E1,1.359625799E1,3.106066895E1,0.000000000E0,NaN,5.647302895E-1,3.790092468E0,2.500000000E0,4.000000000E1
2.327961582E2,6.501096621E1,2.550450266E1,1.316644911E1,3.063085938E1,6.700000167E-1,1.281999969E2,5.657958566E-1,3.790092468E0,2.500000000E0,4.100000000E1
2.338020154E2,6.501095711E1,2.550450977E1,1.337696172E1,3.084136963E1,1.539999962E0,1.591999969E2,5.671753164E-1,3.790092468E0,2.500000000E0,4.100000000E1
2.347937172E2,6.501094648E1,2.550452491E1,1.342127519E1,3.088568115E1,1.360000014E0,1.456999969E2,5.684161786E-1,3.790092468E0,2.500000000E0,4.100000000E1
2.358046202E2,6.501093703E1,2.550453896E1,1.398701172E1,3.145141602E1,1.139999986E0,1.291000061E2,5.693460403E-1,3.790092468E0,2.500000000E0,4.100000000E1
2.368049744E2,6.501092950E1,2.550454757E1,1.357118082E1,3.103558350E1,8.000000119E-1,1.426000061E2,5.703166875E-1,3.790092468E0,2.500000000E0,4.100000000E1
2.377973471E2,6.501092169E1,2.550455680E1,1.388288902E1,3.134729004E1,1.279999971E0,1.428999939E2,5.716485288E-1,3.790092468E0,2.500000000E0,4.100000000E1
2.388091394E2,6.501091142E1,2.550457139E1,1.359498807E1,3.105938721E1,1.549999952E0,1.495000000E2,5.730709876E-1,3.790092468E0,2.500000000E0,4.000000000E1
2.398056564E2,6.501090030E1,2.550458636E1,1.346980711E1,3.093420410E1,1.480000019E0,1.528999939E2,5.744235284E-1,3.790092468E0,2.500000000E0,4.000000000E1
2.408084516E2,6.501088930E1,2.550459865E1,1.362001704E1,3.108441162E1,1.419999957E0,1.566999969E2,5.756608455E-1,3.790092468E0,2.500000000E0,4.000000000E1
2.418045471E2,6.501087883E1,2.550460757E1,1.395400404E1,3.141839600E1,1.309999943E0,1.625000000E2,5.769373119E-1,3.790092468E0,2.500000000E0,4.000000000E1
2.428056991E2,6.501086780E1,2.550461510E1,1.394558416E1,3.140997314E1,1.440000057E0,1.653999939E2,5.782954675E-1,3.790092468E0,2.500000000E0,4.000000000E1
2.438030800E2,6.501085607E1,2.550462316E1,1.402310198E1,3.148748779E1,1.409999967E0,1.638999939E2,5.794946237E-1,3.790092468E0,2.500000000E0,4.000000000E1
2.447984689E2,6.501084571E1,2.550463025E1,1.391855155E1,3.138293457E1,1.190000057E0,1.661999969E2,5.807653018E-1,3.790092468E0,2.500000000E0,4.000000000E1
2.457967726E2,6.501083463E1,2.550463687E1,1.373337399E1,3.119775391E1,1.450000048E0,1.658000031E2,5.821811814E-1,3.790092468E0,2.500000000E0,4.000000000E1
2.468020908E2,6.501082228E1,2.550464421E1,1.377640724E1,3.124078369E1,1.409999967E0,1.656999969E2,5.835938344E-1,3.790092468E0,2.500000000E0,4.000000000E1
2.477984666E2,6.501081009E1,2.550465268E1,1.423704284E1,3.170141602E1,1.440000057E0,1.645000000E2,5.849983402E-1,3.790092468E0,2.500000000E0,4.000000000E1
2.488083203E2,6.501079808E1,2.550466194E1,1.428202887E1,3.174639893E1,1.399999976E0,1.633000031E2,5.865003677E-1,3.790092468E0,2.500000000E0,4.000000000E1
2.497933459E2,6.501078498E1,2.550466974E1,1.417253547E1,3.163690186E1,1.549999952E0,1.665000000E2,5.880842737E-1,3.790092468E0,2.500000000E0,4.000000000E1
2.507917810E2,6.501077103E1,2.550467656E1,1.403435596E1,3.149871826E1,1.580000043E0,1.676999969E2,5.896230941E-1,3.790092468E0,2.500000000E0,4.000000000E1
2.518012313E2,6.501075752E1,2.550468366E1,1.376257031E1,3.122692871E1,1.450000048E0,1.673999939E2,5.911125622E-1,3.790092468E0,2.500000000E0,4.000000000E1
2.528010901E2,6.501074460E1,2.550469203E1,1.367492737E1,3.113928223E1,1.470000029E0,1.648000031E2,5.926224560E-1,3.790092468E0,2.500000000E0,4.000000000E1
2.538054697E2,6.501073162E1,2.550470147E1,1.359949135E1,3.106384277E1,1.399999976E0,1.638999939E2,5.939955942E-1,3.790092468E0,2.500000000E0,4.100000000E1
2.547993913E2,6.501071967E1,2.550470884E1,1.347681401E1,3.094116211E1,1.250000000E0,1.661999969E2,5.952403422E-1,3.790092468E0,2.500000000E0,4.100000000E1
2.558050993E2,6.501070869E1,2.550471400E1,1.335920250E1,3.082354736E1,1.210000038E0,1.653000031E2,5.966362314E-1,3.790092468E0,2.500000000E0,4.100000000E1
2.567957345E2,6.501069642E1,2.550472028E1,1.310584913E1,3.057019043E1,1.460000038E0,1.648000031E2,5.980455503E-1,3.790092468E0,2.500000000E0,4.200000000E1
2.578021750E2,6.501068427E1,2.550472882E1,1.319563510E1,3.065997314E1,1.289999962E0,1.653000031E2,5.993962425E-1,3.790092468E0,2.500000000E0,4.200000000E1
2.587961404E2,6.501067264E1,2.550473712E1,1.301741554E1,3.048175049E1,1.320000052E0,1.655000000E2,6.007787054E-1,3.790092468E0,2.500000000E0,4.200000000E1
2.597968150E2,6.501066078E1,2.550474595E1,1.294741133E1,3.041174316E1,1.399999976E0,1.658999939E2,6.021759801E-1,3.790092468E0,2.500000000E0,4.200000000E1
2.607954196E2,6.501064862E1,2.550475345E1,1.295284684E1,3.041717529E1,1.340000033E0,1.663000031E2,6.034581909E-1,3.790092468E0,2.500000000E0,4.200000000E1
2.617946418E2,6.501063746E1,2.550476032E1,1.302236898E1,3.048669434E1,1.340000033E0,1.668999939E2,6.047618921E-1,3.790092468E0,2.500000000E0,4.200000000E1
2.627995883E2,6.501062601E1,2.550476629E1,1.290964035E1,3.037396240E1,1.379999995E0,1.693999939E2,6.061560054E-1,3.790092468E0,2.500000000E0,4.200000000E1
2.638075210E2,6.501061371E1,2.550477204E1,1.332785688E1,3.079217529E1,1.460000038E0,1.680000000E2,6.075752356E-1,3.790092468E0,2.500000000E0,4.200000000E1
2.647987271E2,6.501060133E1,2.550477939E1,1.314267968E1,3.060699463E1,1.460000038E0,1.655000000E2,6.089621399E-1,3.790092468E0,2.500000000E0,4.200000000E1
2.657998517E2,6.501058917E1,2.550478596E1,1.330875983E1,3.077307129E1,1.419999957E0,1.663000031E2,6.103227859E-1,3.790092468E0,2.500000000E0,4.200000000E1
2.667956154E2,6.501057714E1,2.550479126E1,1.309404174E1,3.055834961E1,1.360000014E0,1.696000061E2,6.118143656E-1,3.790092468E0,2.500000000E0,4.200000000E1
2.678016770E2,6.501056397E1,2.550479729E1,1.296928978E1,3.043359375E1,1.470000029E0,1.646000061E2,6.134208671E-1,3.790092468E0,2.500000000E0,4.200000000E1
2.687969635E2,6.501054981E1,2.550480408E1,1.290380322E1,3.036810303E1,1.539999962E0,1.646999969E2,6.148527508E-1,3.790092468E0,2.500000000E0,4.200000000E1
2.698924011E2,6.501053711E1,2.550480912E1,1.284277192E1,3.030706787E1,1.340000033E0,1.730000000E2,6.161180473E-1,3.790092468E0,2.500000000E0,4.200000000E1
2.707978993E2,6.501052592E1,2.550481401E1,1.305719177E1,3.052148438E1,1.279999971E0,1.725000000E2,6.175240870E-1,3.790092468E0,2.500000000E0,4.200000000E1
2.718008838E2,6.501051345E1,2.550481897E1,1.305273998E1,3.051702881E1,1.480000019E0,1.725000000E2,6.190209610E-1,3.790092468E0,2.500000000E0,4.200000000E1
2.727980846E2,6.501050026E1,2.550482534E1,1.303858370E1,3.050286865E1,1.470000029E0,1.661999969E2,6.206463823E-1,3.790092468E0,2.500000000E0,4.200000000E1
2.737948208E2,6.501048621E1,2.550483489E1,1.317054550E1,3.063482666E1,1.600000024E0,1.656000061E2,6.222971388E-1,3.790092468E0,2.500000000E0,4.200000000E1
2.748005166E2,6.501047165E1,2.550484175E1,1.240632860E1,2.987060547E1,1.480000019E0,1.746999969E2,6.239199998E-1,3.790092468E0,2.500000000E0,4.200000000E1
2.758075132E2,6.501045723E1,2.550484708E1,1.201821046E1,2.948248291E1,1.570000052E0,1.723999939E2,6.254873134E-1,3.790092468E0,2.500000000E0,4.200000000E1
2.768015304E2,6.501044327E1,2.550485169E1,1.157467233E1,2.903894043E1,1.360000014E0,1.746000061E2,6.269201920E-1,3.790092468E0,2.500000000E0,4.200000000E1
2.778031899E2,6.501043048E1,2.550485541E1,1.201425156E1,2.947851562E1,1.340000033E0,1.718999939E2,6.284802394E-1,3.790092468E0,2.500000000E0,4.200000000E1
2.787977921E2,6.501041673E1,2.550486201E1,1.249808128E1,2.996234131E1,1.590000033E0,1.616999969E2,6.300104965E-1,3.790092468E0,2.500000000E0,4.200000000E1
2.798019443E2,6.501040332E1,2.550486933E1,1.282926188E1,3.029351807E1,1.309999943E0,1.650000000E2,6.313460392E-1,3.790092468E0,2.500000000E0,4.200000000E1
2.808017779E2,6.501039156E1,2.550487511E1,1.293552752E1,3.039978027E1,1.240000010E0,1.648000031E2,6.326440316E-1,3.790092468E0,2.500000000E0,4.200000000E1
2.817991547E2,6.501037990E1,2.550487642E1,1.333213789E1,3.079638672E1,1.309999943E0,1.650000000E2,6.339304552E-1,3.790092468E0,2.500000000E0,4.100000000E1
2.828029354E2,6.501036838E1,2.550487390E1,1.337315785E1,3.083740234E1,1.269999981E0,1.651000061E2,6.352626917E-1,3.790092468E0,2.500000000E0,4.100000000E1
2.838024020E2,6.501035641E1,2.550487512E1,1.343975125E1,3.090399170E1,1.409999967E0,1.648999939E2,6.367660223E-1,3.790092468E0,2.500000000E0,4.100000000E1
2.848038884E2,6.501034303E1,2.550487971E1,1.315258499E1,3.061682129E1,1.500000000E0,1.706000061E2,6.381270217E-1,3.790092468E0,2.500000000E0,4.100000000E1
2.857958134E2,6.501033112E1,2.550488639E1,1.328393603E1,3.074816895E1,1.190000057E0,1.706000061E2,6.395831082E-1,3.790092468E0,2.500000000E0,4.100000000E1
2.867919700E2,6.501031833E1,2.550489304E1,1.277637136E1,3.024060059E1,1.559999943E0,1.681999969E2,6.412073255E-1,3.790092468E0,2.500000000E0,4.100000000E1
2.878052221E2,6.501030399E1,2.550489962E1,1.237830432E1,2.984252930E1,1.490000010E0,1.703999939E2,6.428894511E-1,3.790092468E0,2.500000000E0,4.100000000E1
2.888055534E2,6.501028914E1,2.550490645E1,1.238105529E1,2.984527588E1,1.570000052E0,1.706000061E2,6.446293616E-1,3.790092468E0,2.500000000E0,4.100000000E1
2.898044332E2,6.501027395E1,2.550491534E1,1.235615722E1,2.982037354E1,1.509999990E0,1.683000031E2,6.463004467E-1,3.790092468E0,2.500000000E0,4.200000000E1
2.908094410E2,6.501025954E1,2.550492544E1,1.195174213E1,2.941595459E1,1.419999957E0,1.653000031E2,6.480166893E-1,3.790092468E0,2.500000000E0,4.200000000E1
2.917923986E2,6.501024489E1,2.550493694E1,1.221010772E1,2.967431641E1,1.559999943E0,1.648999939E2,6.497012438E-1,3.790092468E0,2.500000000E0,4.200000000E1
2.927998611E2,6.501023035E1,2.550494701E1,1.241055108E1,2.987475586E1,1.570000052E0,1.676999969E2,6.513549748E-1,3.790092468E0,2.500000000E0,4.200000000E1
2.937964326E2,6.501021580E1,2.550495430E1,1.225961537E1,2.972381592E1,1.570000052E0,1.706999969E2,6.529584900E-1,3.790092468E0,2.500000000E0,4.200000000E1
2.948017532E2,6.501020160E1,2.550496025E1,1.210495655E1,2.956915283E1,1.460000038E0,1.711999969E2,6.545829419E-1,3.790092468E0,2.500000000E0,4.200000000E1
2.958003717E2,6.501018709E1,2.550496427E1,1.168595481E1,2.915014648E1,1.539999962E0,1.756999969E2,6.561737161E-1,3.790092468E0,2.500000000E0,4.100000000E1
2.967989859E2,6.501017286E1,2.550496776E1,1.175053457E1,2.921472168E1,1.460000038E0,1.753000031E2,6.577613987E-1,3.790092468E0,2.500000000E0,4.100000000E1
2.977956011E2,6.501015874E1,2.550497278E1,1.165947447E1,2.912365723E1,1.529999971E0,1.741999969E2,6.593492181E-1,3.790092468E0,2.500000000E0,4.100000000E1
2.987939199E2,6.501014461E1,2.550497766E1,1.157634896E1,2.904052734E1,1.570000052E0,1.730000000E2,6.609277592E-1,3.790092468E0,2.500000000E0,4.100000000E1
2.997999233E2,6.501013053E1,2.550498195E1,1.153259118E1,2.899676514E1,1.480000019E0,1.763000031E2,6.624074025E-1,3.790092468E0,2.500000000E0,4.100000000E1
3.008066438E2,6.501011724E1,2.550498037E1,1.147754230E1,2.894171143E1,1.460000038E0,1.868000031E2,6.639228155E-1,3.790092468E0,2.500000000E0,4.100000000E1
3.017991384E2,6.501010417E1,2.550497123E1,1.187781651E1,2.934197998E1,1.519999981E0,1.981999969E2,6.653855241E-1,3.790092468E0,2.500000000E0,4.100000000E1
3.028059488E2,6.501009254E1,2.550495668E1,1.186024417E1,2.932440186E1,1.350000024E0,2.085000000E2,6.669104549E-1,3.790092468E0,2.500000000E0,4.200000000E1
3.038056152E2,6.501008210E1,2.550493563E1,1.188594611E1,2.935009766E1,1.580000043E0,2.196000061E2,6.685282782E-1,3.790092468E0,2.500000000E0,4.200000000E1
3.047959941E2,6.501007233E1,2.550491011E1,1.196651895E1,2.943066406E1,1.480000019E0,2.315000000E2,6.701101922E-1,3.790092468E0,2.500000000E0,4.200000000E1
3.058016118E2,6.501006458E1,2.550488187E1,1.216958896E1,2.963372803E1,1.440000057E0,2.318000031E2,6.717833860E-1,3.790092468E0,2.500000000E0,4.100000000E1
3.068116080E2,6.501005726E1,2.550485075E1,1.199546190E1,2.945959473E1,1.590000033E0,2.316000061E2,6.735307248E-1,3.790092468E0,2.500000000E0,4.100000000E1
3.077983931E2,6.501005117E1,2.550481646E1,1.184794611E1,2.931207275E1,1.549999952E0,2.316999969E2,6.751787997E-1,3.790092468E0,2.500000000E0,4.200000000E1
3.088003157E2,6.501004792E1,2.550478223E1,1.214287316E1,2.960699463E1,1.450000048E0,2.318000031E2,6.772212294E-1,3.790092468E0,2.500000000E0,4.100000000E1
3.097999236E2,6.501004300E1,2.550474034E1,1.150158344E1,2.896569824E1,1.940000057E0,2.318000031E2,6.792297506E-1,3.790092468E0,2.500000000E0,4.100000000E1
3.108050760E2,6.501003817E1,2.550469914E1,1.083179019E1,2.829589844E1,1.480000019E0,2.318000031E2,6.806246843E-1,3.790092468E0,2.500000000E0,4.100000000E1
3.118061942E2,6.501003681E1,2.550466962E1,1.068653048E1,2.815063477E1,1.029999971E0,2.318000031E2,6.817718060E-1,3.790092468E0,2.500000000E0,4.100000000E1
3.127995604E2,6.501003652E1,2.550464521E1,1.124531032E1,2.870941162E1,9.499999881E-1,2.318000031E2,6.830632663E-1,3.790092468E0,2.500000000E0,4.200000000E1
3.137920095E2,6.501003873E1,2.550461822E1,1.170692162E1,2.917102051E1,1.090000033E0,2.318000031E2,6.845833482E-1,3.790092468E0,2.675578833E0,4.200000000E1
3.147961538E2,6.501004137E1,2.550458647E1,1.139570618E1,2.885980225E1,1.350000024E0,2.745000000E2,6.861704111E-1,3.790092468E0,2.924238682E0,4.100000000E1
3.158038934E2,6.501004390E1,2.550455322E1,1.129725951E1,2.876135254E1,1.320000052E0,2.763999939E2,6.875685903E-1,3.790092468E0,3.110661507E0,4.100000000E1
3.167960184E2,6.501004280E1,2.550452357E1,1.090676047E1,2.837084961E1,1.210000038E0,2.607999878E2,6.889612646E-1,3.790092468E0,3.096705198E0,4.100000000E1
3.177952066E2,6.501003922E1,2.550449516E1,1.190310297E1,2.936718750E1,1.230000019E0,2.533999939E2,6.905872660E-1,3.790092468E0,3.020999670E0,4.100000000E1
3.187976576E2,6.501003287E1,2.550446398E1,1.174484471E1,2.920892334E1,1.539999962E0,2.461000061E2,6.922141913E-1,3.790092468E0,2.898681164E0,4.100000000E1
3.198005645E2,6.501002638E1,2.550443294E1,1.122989704E1,2.869396973E1,1.320000052E0,2.513000031E2,6.937665860E-1,3.790092468E0,2.961843252E0,4.100000000E1
3.208011573E2,6.501002152E1,2.550440196E1,1.182249273E1,2.928656006E1,1.509999990E0,2.602000122E2,6.953355590E-1,3.790092468E0,2.648408413E0,4.100000000E1
3.217992800E2,6.501001801E1,2.550436961E1,1.190361350E1,2.936767578E1,1.399999976E0,2.602000122E2,6.969001003E-1,3.790092468E0,2.501938581E0,4.100000000E1
3.227938009E2,6.501001408E1,2.550433763E1,1.145678028E1,2.892083740E1,1.440000057E0,2.573999939E2,6.984162257E-1,3.790092468E0,2.500000000E0,4.100000000E1
3.237995621E2,6.501000977E1,2.550430701E1,1.113592359E1,2.859997559E1,1.350000024E0,2.582999878E2,6.999966539E-1,3.790092468E0,2.500000000E0,4.100000000E1
3.248012183E2,6.501000575E1,2.550427474E1,1.150232285E1,2.896636963E1,1.490000010E0,2.597000122E2,7.015441681E-1,3.790092468E0,2.500000000E0,4.100000000E1
3.258020139E2,6.501000264E1,2.550424263E1,1.130683213E1,2.877087402E1,1.330000043E0,2.622999878E2,7.029974695E-1,3.790092468E0,2.500000000E0,4.100000000E1
3.267970240E2,6.501000017E1,2.550421225E1,1.108247135E1,2.854650879E1,1.309999943E0,2.637999878E2,7.045624127E-1,3.790092468E0,2.500000000E0,4.100000000E1
3.277976546E2,6.500999766E1,2.550417947E1,1.129115530E1,2.875518799E1,1.529999971E0,2.623999939E2,7.061303834E-1,3.790092468E0,2.500000000E0,4.200000000E1
3.287972935E2,6.500999477E1,2.550414680E1,1.107595021E1,2.853997803E1,1.450000048E0,2.582999878E2,7.075419503E-1,3.790092468E0,2.500000000E0,4.200000000E1
3.297963554E2,6.500999188E1,2.550411754E1,1.091054940E1,2.837457275E1,1.370000005E0,2.566000061E2,7.089325499E-1,3.790092468E0,2.500000000E0,4.200000000E1
3.307988396E2,6.500998939E1,2.550408853E1,1.090438915E1,2.836840820E1,1.440000057E0,2.576000061E2,7.103778972E-1,3.790092468E0,2.500000000E0,4.200000000E1
3.317994207E2,6.500998781E1,2.550405799E1,1.079660523E1,2.826062012E1,1.470000029E0,2.625000000E2,7.118735295E-1,3.790092468E0,2.500000000E0,4.200000000E1
3.328124817E2,6.500998724E1,2.550402618E1,1.082804229E1,2.829205322E1,1.590000033E0,2.641000061E2,7.133536457E-1,3.790092468E0,2.500000000E0,4.100000000E1
3.338056359E2,6.500998604E1,2.550399480E1,1.100193557E1,2.846594238E1,1.379999995E0,2.631000061E2,7.147486412E-1,3.790092468E0,2.500000000E0,4.000000000E1
3.348068060E2,6.500998460E1,2.550396530E1,1.111100939E1,2.857501221E1,1.440000057E0,2.617000122E2,7.162456434E-1,3.790092468E0,2.500000000E0,4.100000000E1
3.358137522E2,6.500998216E1,2.550393396E1,1.111382156E1,2.857781982E1,1.519999981E0,2.598999939E2,7.178060705E-1,3.790092468E0,2.500000000E0,4.100000000E1
3.368067745E2,6.500997936E1,2.550390141E1,1.126745188E1,2.873144531E1,1.529999971E0,2.582000122E2,7.194401268E-1,3.790092468E0,2.500000000E0,4.100000000E1
3.378037951E2,6.500997614E1,2.550386747E1,1.153283787E1,2.899682617E1,1.629999995E0,2.548999939E2,7.211135810E-1,3.790092468E0,2.500000000E0,4.100000000E1
3.388041925E2,6.500997306E1,2.550383260E1,1.147687384E1,2.894085693E1,1.580000043E0,2.572000122E2,7.227578381E-1,3.790092468E0,2.500000000E0,4.200000000E1
3.398074080E2,6.500997088E1,2.550379798E1,1.152247195E1,2.898645020E1,1.580000043E0,2.615000000E2,7.243697603E-1,3.790092468E0,2.500000000E0,4.200000000E1
3.407978359E2,6.500996838E1,2.550376418E1,1.144990602E1,2.891387939E1,1.529999971E0,2.625000000E2,7.258065791E-1,3.790092468E0,2.500000000E0,4.200000000E1
3.418000363E2,6.500996618E1,2.550373404E1,1.136464424E1,2.882861328E1,1.340000033E0,2.608999939E2,7.272653525E-1,3.790092468E0,2.500000000E0,4.200000000E1
3.428020269E2,6.500996297E1,2.550370393E1,1.136654101E1,2.883050537E1,1.549999952E0,2.581000061E2,7.288580243E-1,3.790092468E0,2.500000000E0,4.000000000E1
3.438033479E2,6.500995972E1,2.550367091E1,1.145474185E1,2.891870117E1,1.620000005E0,2.617000122E2,7.304612578E-1,3.790092468E0,2.500000000E0,4.000000000E1
3.448042355E2,6.500995690E1,2.550363744E1,1.147440012E1,2.893835449E1,1.570000052E0,2.625000000E2,7.319865533E-1,3.790092468E0,2.500000000E0,4.100000000E1
3.458050302E2,6.500995380E1,2.550360581E1,1.132694400E1,2.879089355E1,1.509999990E0,2.626000061E2,7.335401665E-1,3.790092468E0,2.500000000E0,4.000000000E1
3.467950803E2,6.500995054E1,2.550357365E1,1.138230783E1,2.884625244E1,1.590000033E0,2.623999939E2,7.350332388E-1,3.790092468E0,2.500000000E0,3.900000000E1
3.478038043E2,6.500994783E1,2.550354252E1,1.147526901E1,2.893920898E1,1.419999957E0,2.612000122E2,7.365818085E-1,3.790092468E0,2.500000000E0,4.100000000E1
3.488190569E2,6.500994440E1,2.550351057E1,1.148162164E1,2.894555664E1,1.590000033E0,2.597000122E2,7.381039207E-1,3.790092468E0,2.500000000E0,4.100000000E1
3.498094858E2,6.500994086E1,2.550347927E1,1.154723937E1,2.901116943E1,1.409999967E0,2.576000061E2,7.395716425E-1,3.790092468E0,2.500000000E0,4.100000000E1
3.508029998E2,6.500993692E1,2.550344945E1,1.149133608E1,2.895526123E1,1.470000029E0,2.566000061E2,7.410928891E-1,3.790092468E0,2.500000000E0,4.100000000E1
3.518066105E2,6.500993327E1,2.550341824E1,1.187854808E1,2.934246826E1,1.570000052E0,2.583999939E2,7.425516035E-1,3.790092468E0,2.500000000E0,4.100000000E1
3.528067865E2,6.500993013E1,2.550338809E1,1.171204884E1,2.917596436E1,1.389999986E0,2.587999878E2,7.437797897E-1,3.790092468E0,2.500000000E0,4.200000000E1
3.538061120E2,6.500992842E1,2.550336226E1,1.155452075E1,2.901843262E1,1.139999986E0,2.595000000E2,7.452741359E-1,3.790092468E0,2.500000000E0,4.200000000E1
3.548101124E2,6.500992614E1,2.550333091E1,1.164876354E1,2.911267090E1,1.669999957E0,2.595000000E2,7.468297782E-1,3.790092468E0,2.500000000E0,4.200000000E1
3.558086957E2,6.500992361E1,2.550329834E1,1.140670284E1,2.887060547E1,1.250000000E0,2.648999939E2,7.483897010E-1,3.790092468E0,2.500000000E0,4.200000000E1
3.568030309E2,6.500992142E1,2.550326554E1,1.158590671E1,2.904980469E1,1.500000000E0,2.632999878E2,7.500122551E-1,3.790092468E0,2.500000000E0,4.200000000E1
3.578002337E2,6.500991902E1,2.550323147E1,1.165463716E1,2.911853027E1,1.460000038E0,2.637999878E2,7.515830254E-1,3.790092468E0,2.500000000E0,4.200000000E1
3.587993404E2,6.500991645E1,2.550319859E1,1.151236900E1,2.897625732E1,1.529999971E0,2.617999878E2,7.531703588E-1,3.790092468E0,2.500000000E0,4.200000000E1
3.597973102E2,6.500991437E1,2.550316516E1,1.166331362E1,2.912719727E1,1.539999962E0,2.617999878E2,7.547635108E-1,3.790092468E0,2.500000000E0,4.200000000E1
3.608054343E2,6.500991186E1,2.550313177E1,1.136241513E1,2.882629395E1,1.509999990E0,2.592000122E2,7.562605776E-1,3.790092468E0,2.500000000E0,4.200000000E1
3.618011601E2,6.500990944E1,2.550310042E1,1.164635523E1,2.911022949E1,1.500000000E0,2.597999878E2,7.577141106E-1,3.790092468E0,2.500000000E0,4.200000000E1
3.627965722E2,6.500990671E1,2.550307016E1,1.148724111E1,2.895111084E1,1.509999990E0,2.583999939E2,7.591393312E-1,3.790092468E0,2.500000000E0,4.100000000E1
3.637983875E2,6.500990444E1,2.550304030E1,1.166235530E1,2.912622070E1,1.379999995E0,2.613999939E2,7.605632357E-1,3.790092468E0,2.500000000E0,4.200000000E1
3.648976003E2,6.500990186E1,2.550301061E1,1.148505259E1,2.894891357E1,1.480000019E0,2.593999939E2,7.620585941E-1,3.790092468E0,2.500000000E0,4.100000000E1
3.658035255E2,6.500989911E1,2.550297945E1,1.151844347E1,2.898229980E1,1.500000000E0,2.605000000E2,7.634579461E-1,3.790092468E0,2.500000000E0,4.000000000E1
3.668113144E2,6.500989662E1,2.550295025E1,1.133863822E1,2.880249023E1,1.330000043E0,2.617000122E2,7.649268506E-1,3.790092468E0,2.500000000E0,4.000000000E1
3.678190352E2,6.500989344E1,2.550291990E1,1.116231236E1,2.862615967E1,1.490000010E0,2.577999878E2,7.664133905E-1,3.790092468E0,2.500000000E0,4.000000000E1
3.687976833E2,6.500988934E1,2.550288978E1,1.128505906E1,2.874890137E1,1.419999957E0,2.526999969E2,7.679162582E-1,3.790092468E0,2.500000000E0,4.000000000E1
3.698047454E2,6.500988526E1,2.550285928E1,1.126870668E1,2.873254395E1,1.440000057E0,2.566000061E2,7.693505508E-1,3.790092468E0,2.500000000E0,4.000000000E1
3.707975515E2,6.500988169E1,2.550282994E1,1.122928269E1,2.869311523E1,1.320000052E0,2.513000031E2,7.707535948E-1,3.790092468E0,2.500000000E0,4.000000000E1
3.718041957E2,6.500987949E1,2.550280053E1,1.116300276E1,2.862683105E1,1.320000052E0,2.511999969E2,7.720936967E-1,3.790092468E0,2.500000000E0,3.900000000E1
3.728020373E2,6.500987896E1,2.550277203E1,1.121171237E1,2.867553711E1,1.269999981E0,2.513000031E2,7.736728632E-1,3.790092468E0,2.500000000E0,4.000000000E1
3.737957585E2,6.500987735E1,2.550273863E1,1.132335018E1,2.878717041E1,1.659999967E0,2.591000061E2,7.754326344E-1,3.790092468E0,2.500000000E0,4.000000000E1
3.747888783E2,6.500987538E1,2.550270146E1,1.048363359E1,2.794744873E1,1.570000052E0,2.606000061E2,7.771186771E-1,3.790092468E0,2.500000000E0,3.900000000E1
3.758098483E2,6.500987184E1,2.550266656E1,1.070788213E1,2.817169189E1,1.549999952E0,2.563999939E2,7.786861372E-1,3.790092468E0,2.500000000E0,3.900000000E1
3.768065920E2,6.500986932E1,2.550263373E1,1.004132195E1,2.750512695E1,1.389999986E0,2.596000061E2,7.801084156E-1,3.790092468E0,2.500000000E0,3.900000000E1
3.778068289E2,6.500986815E1,2.550260358E1,1.017163598E1,2.763543701E1,1.259999990E0,2.593999939E2,7.814090313E-1,3.790092468E0,2.500000000E0,4.000000000E1
3.787996464E2,6.500986608E1,2.550257633E1,9.875558390E0,2.733935547E1,1.100000024E0,2.592999878E2,7.829099880E-1,3.790092468E0,2.500000000E0,3.900000000E1
3.798064297E2,6.500986315E1,2.550254514E1,9.527845823E0,2.699163818E1,1.490000010E0,2.592000122E2,7.843369251E-1,3.790092468E0,2.527543545E0,4.000000000E1
3.807921194E2,6.500986038E1,2.550251548E1,9.627703819E0,2.709149170E1,1.110000014E0,2.592999878E2,7.857250529E-1,3.790092468E0,2.500000000E0,3.900000000E1
3.817957098E2,6.500985794E1,2.550248650E1,9.892722751E0,2.735650635E1,1.169999957E0,2.607999878E2,7.871678822E-1,3.790092468E0,2.500000000E0,3.900000000E1
3.827977479E2,6.500985634E1,2.550245602E1,9.494106312E0,2.695788574E1,1.250000000E0,2.640000000E2,7.888365084E-1,3.790092468E0,2.500000000E0,3.900000000E1
3.838023534E2,6.500985393E1,2.550242096E1,9.413300757E0,2.687707520E1,1.529999971E0,2.568999939E2,7.903918943E-1,3.790092468E0,2.500000000E0,4.000000000E1
3.847991364E2,6.500985139E1,2.550238840E1,9.000890949E0,2.646466064E1,1.179999948E0,2.567999878E2,7.920837759E-1,3.790092468E0,2.500000000E0,4.100000000E1
3.858113842E2,6.500984895E1,2.550235285E1,9.013774428E0,2.647753906E1,1.529999971E0,2.568999939E2,7.937953402E-1,3.790092468E0,2.500000000E0,4.100000000E1
3.868038150E2,6.500984504E1,2.550231761E1,9.071946474E0,2.653570557E1,1.299999952E0,2.567999878E2,7.952791414E-1,3.790092468E0,2.500000000E0,4.000000000E1
3.878028391E2,6.500984331E1,2.550228629E1,8.848989360E0,2.631274414E1,1.129999995E0,2.567999878E2,7.969947462E-1,3.790092468E0,2.500000000E0,4.000000000E1
3.888020984E2,6.500984154E1,2.550225001E1,8.616267221E0,2.608001709E1,1.570000052E0,2.671000061E2,7.986073499E-1,3.790092468E0,2.500000000E0,4.100000000E1
3.898020710E2,6.500984056E1,2.550221576E1,9.049438119E0,2.651318359E1,1.230000019E0,2.666000061E2,8.000954298E-1,3.790092468E0,2.500000000E0,4.100000000E1
3.908037877E2,6.500983951E1,2.550218418E1,8.527164390E0,2.599090576E1,1.269999981E0,2.662000122E2,8.013626165E-1,3.790092468E0,2.500000000E0,4.100000000E1
3.918047852E2,6.500983738E1,2.550215768E1,8.597724913E0,2.606146240E1,8.100000024E-1,2.658999939E2,8.028446399E-1,3.790092468E0,2.500000000E0,4.100000000E1
3.928023707E2,6.500983552E1,2.550212644E1,8.034008558E0,2.549774170E1,1.460000038E0,2.658999939E2,8.042583074E-1,3.790092468E0,2.500000000E0,4.100000000E1
3.938000040E2,6.500983325E1,2.550209683E1,8.817338053E0,2.628106689E1,7.400000095E-1,2.661000061E2,8.055604046E-1,3.790092468E0,2.564658880E0,4.000000000E1
3.947966249E2,6.500983638E1,2.550207012E1,8.161456319E0,2.562518311E1,1.419999957E0,2.972999878E2,8.067889667E-1,3.790092468E0,2.628186226E0,3.800000000E1
3.958015423E2,6.500984183E1,2.550204737E1,9.239704158E0,2.670343018E1,8.000000119E-1,2.668999939E2,8.077556360E-1,3.790092468E0,2.797082186E0,3.800000000E1
3.968000220E2,6.500984861E1,2.550203449E1,8.962725752E0,2.642645264E1,8.100000024E-1,2.671000061E2,8.089259182E-1,3.790092468E0,2.967898369E0,3.800000000E1
3.978017817E2,6.500985859E1,2.550202658E1,8.782059108E0,2.624578857E1,1.320000052E0,3.557999878E2,8.100623983E-1,3.790092468E0,2.930647612E0,3.700000000E1
3.987927650E2,6.500986802E1,2.550201725E1,9.480177005E0,2.694390869E1,8.000000119E-1,2.677999878E2,8.111872369E-1,3.790092468E0,2.826721907E0,3.800000000E1
3.998015110E2,6.500987561E1,2.550200142E1,9.046826591E0,2.651055908E1,1.230000019E0,3.496000061E2,8.126627323E-1,3.790092468E0,2.661928892E0,3.700000000E1
4.007978458E2,6.500988440E1,2.550197789E1,8.915539653E0,2.637927246E1,1.190000057E0,3.371000061E2,8.142108937E-1,3.790092468E0,2.752672434E0,3.700000000E1
4.018002971E2,6.500989381E1,2.550195360E1,9.841015281E0,2.730474854E1,1.429999948E0,3.397000122E2,8.156884151E-1,3.790092468E0,3.051756859E0,3.700000000E1
4.028077949E2,6.500990468E1,2.550193551E1,9.940500892E0,2.740423584E1,1.529999971E0,3.490000000E2,8.172900679E-1,3.790092468E0,3.228801727E0,3.700000000E1
4.038008232E2,6.500991542E1,2.550191279E1,9.685494908E0,2.714923096E1,1.470000029E0,3.417000122E2,8.185591796E-1,3.790092468E0,3.219251871E0,3.700000000E1
4.047998024E2,6.500992237E1,2.550189136E1,1.013324890E1,2.759698486E1,7.900000215E-1,3.397000122E2,8.197504595E-1,3.790092468E0,3.497242689E0,3.700000000E1
4.057957837E2,6.500992680E1,2.550186827E1,1.119318659E1,2.865692139E1,8.500000238E-1,3.243999939E2,8.211319205E-1,3.790092468E0,3.493563652E0,3.800000000E1
4.068023716E2,6.500993339E1,2.550184334E1,1.097773311E1,2.844146729E1,9.399999976E-1,3.412999878E2,8.225307234E-1,3.790092468E0,3.474332571E0,3.900000000E1
4.077989577E2,6.500994163E1,2.550182084E1,1.178766938E1,2.925140381E1,8.500000238E-1,3.411000061E2,8.240631445E-1,3.790092468E0,3.671753168E0,3.900000000E1
4.088016852E2,6.500995114E1,2.550179723E1,1.213837683E1,2.960211182E1,1.149999976E0,3.415000000E2,8.257766948E-1,3.790092468E0,3.677978992E0,3.900000000E1
4.098004112E2,6.500996382E1,2.550177650E1,1.228510332E1,2.974884033E1,1.289999962E0,3.476000061E2,8.275611406E-1,3.790092468E0,3.531948566E0,3.900000000E1
4.108036830E2,6.500997812E1,2.550175926E1,1.312250266E1,3.058624268E1,1.320000052E0,3.482999878E2,8.292817190E-1,3.790092468E0,3.157779455E0,3.900000000E1
4.118068616E2,6.500999257E1,2.550174616E1,1.264569247E1,3.010943604E1,1.460000038E0,3.492000122E2,8.308708660E-1,3.790092468E0,2.961624384E0,4.000000000E1
4.128078648E2,6.501000589E1,2.550173390E1,1.142834303E1,2.889208984E1,1.240000010E0,3.476000061E2,8.323684629E-1,3.790092468E0,2.678278923E0,4.000000000E1
4.138060737E2,6.501001840E1,2.550172209E1,1.165722185E1,2.912097168E1,1.200000048E0,3.463999939E2,8.340221781E-1,3.790092468E0,2.500000000E0,4.100000000E1
4.148066543E2,6.501003259E1,2.550171155E1,1.264635383E1,3.011010742E1,1.320000052E0,3.532999878E2,8.356021887E-1,3.790092468E0,2.500000000E0,4.100000000E1
4.158078956E2,6.501004641E1,2.550170373E1,1.205913064E1,2.952288818E1,1.250000000E0,3.548999939E2,8.371511122E-1,3.790092468E0,2.500000000E0,4.100000000E1
4.167990979E2,6.501006024E1,2.550169979E1,1.147587428E1,2.893963623E1,1.399999976E0,3.592999878E2,8.386039797E-1,3.790092468E0,2.500000000E0,4.100000000E1
4.178025369E2,6.501007317E1,2.550169534E1,1.099625598E1,2.846002197E1,1.289999962E0,3.552999878E2,8.400041692E-1,3.790092468E0,2.500000000E0,4.100000000E1
4.187981765E2,6.501008566E1,2.550169155E1,1.089847371E1,2.836224365E1,1.370000005E0,3.548999939E2,8.413633218E-1,3.790092468E0,2.500000000E0,4.100000000E1
4.198056928E2,6.501009786E1,2.550168977E1,1.102102821E1,2.848480225E1,1.259999990E0,3.551000061E2,8.428145313E-1,3.790092468E0,2.500000000E0,4.100000000E1
4.207962149E2,6.501011091E1,2.550169016E1,1.098128967E1,2.844506836E1,1.419999957E0,3.599989929E2,8.443191538E-1,3.790092468E0,2.500000000E0,4.200000000E1
4.218089673E2,6.501012444E1,2.550169062E1,1.068251776E1,2.814630127E1,1.379999995E0,3.596000061E2,8.457663001E-1,3.790092468E0,2.500000000E0,4.200000000E1
4.228016343E2,6.501013745E1,2.550168981E1,1.121028426E1,2.867407227E1,1.240000010E0,3.596000061E2,8.473710227E-1,3.790092468E0,2.500000000E0,4.200000000E1
4.238023567E2,6.501015185E1,2.550168755E1,1.151704214E1,2.898083496E1,1.509999990E0,3.596000061E2,8.487603168E-1,3.790092468E0,2.500000000E0,4.200000000E1
4.247998599E2,6.501016416E1,2.550168249E1,1.183924299E1,2.930303955E1,1.110000014E0,3.593999939E2,8.499303512E-1,3.790092468E0,2.500000000E0,4.200000000E1
4.258013406E2,6.501017419E1,2.550167496E1,1.173261192E1,2.919641113E1,1.210000038E0,3.501000061E2,8.510710032E-1,3.790092468E0,2.500000000E0,4.200000000E1
4.268017759E2,6.501018378E1,2.550166634E1,1.173096161E1,2.919476318E1,1.100000024E0,3.592000122E2,8.523552184E-1,3.790092468E0,2.500000000E0,4.200000000E1
4.278105873E2,6.501019391E1,2.550165321E1,1.223456066E1,2.969836426E1,1.230000019E0,3.368999939E2,8.536954630E-1,3.790092468E0,2.500000000E0,4.200000000E1
4.288063919E2,6.501020465E1,2.550164026E1,1.234106474E1,2.980487061E1,1.309999943E0,3.433999939E2,8.550296406E-1,3.790092468E0,2.500000000E0,4.200000000E1
4.298146184E2,6.501021508E1,2.550162622E1,1.202465647E1,2.948846436E1,1.259999990E0,3.428999939E2,8.563695941E-1,3.790092468E0,2.500000000E0,4.100000000E1
4.307967567E2,6.501022561E1,2.550161235E1,1.221874619E1,2.968255615E1,1.370000005E0,3.432999878E2,8.577679783E-1,3.790092468E0,2.500000000E0,4.100000000E1
4.318031383E2,6.501023630E1,2.550159667E1,1.247039222E1,2.993420410E1,1.320000052E0,3.371000061E2,8.593411948E-1,3.790092468E0,2.500000000E0,4.100000000E1
4.327991511E2,6.501024806E1,2.550157805E1,1.239330286E1,2.985711670E1,1.559999943E0,3.358999939E2,8.608720562E-1,3.790092468E0,2.500000000E0,4.100000000E1
4.337957126E2,6.501026040E1,2.550156360E1,1.241753117E1,2.988134766E1,1.409999967E0,3.515000000E2,8.622114239E-1,3.790092468E0,2.500000000E0,4.100000000E1
4.348047991E2,6.501027157E1,2.550155293E1,1.266765055E1,3.013146973E1,1.309999943E0,3.512000122E2,8.635555238E-1,3.790092468E0,2.500000000E0,4.100000000E1
4.358009418E2,6.501028330E1,2.550154602E1,1.264103590E1,3.010485840E1,1.429999948E0,3.510000000E2,8.649516316E-1,3.790092468E0,2.500000000E0,4.100000000E1
4.368028669E2,6.501029556E1,2.550153961E1,1.257511436E1,3.003894043E1,1.250000000E0,3.510000000E2,8.663354272E-1,3.790092468E0,2.500000000E0,4.200000000E1
4.378021361E2,6.501030764E1,2.550153253E1,1.212503770E1,2.958886719E1,1.450000048E0,3.532000122E2,8.677573194E-1,3.790092468E0,2.500000000E0,4.100000000E1
4.387985956E2,6.501031993E1,2.550152417E1,1.215732194E1,2.962115479E1,1.379999995E0,3.525000000E2,8.690343488E-1,3.790092468E0,2.500000000E0,4.100000000E1
4.398010221E2,6.501033074E1,2.550151499E1,1.198819079E1,2.945202637E1,1.190000057E0,3.521000061E2,8.704567783E-1,3.790092468E0,2.500000000E0,4.000000000E1
4.407978333E2,6.501034218E1,2.550150144E1,1.227657947E1,2.974041748E1,1.539999962E0,3.355000000E2,8.719127129E-1,3.790092468E0,2.500000000E0,4.000000000E1
4.418003273E2,6.501035289E1,2.550148361E1,1.273269351E1,3.019653320E1,1.259999990E0,3.352999878E2,8.733324728E-1,3.790092468E0,2.500000000E0,4.000000000E1
4.427951536E2,6.501036250E1,2.550146371E1,1.296517537E1,3.042901611E1,1.289999962E0,3.352000122E2,8.744641638E-1,3.790092468E0,2.500000000E0,4.000000000E1
4.438044298E2,6.501037027E1,2.550144815E1,1.267623404E1,3.014007568E1,8.399999738E-1,3.352000122E2,8.757360660E-1,3.790092468E0,2.500000000E0,4.000000000E1
4.448017405E2,6.501036809E1,2.550142157E1,1.221450698E1,2.967834473E1,2.079999924E0,1.966000061E2,8.772675797E-1,3.790092468E0,2.500000000E0,3.900000000E1
4.457977068E2,6.501035880E1,2.550139750E1,1.291556290E1,3.037939453E1,1.100000024E0,1.968000031E2,8.785687579E-1,3.790092468E0,2.500000000E0,4.000000000E1
4.468014070E2,6.501034726E1,2.550139291E1,1.238205921E1,2.984588623E1,8.899999857E-1,1.966000061E2,8.798959767E-1,3.790092468E0,2.500000000E0,4.100000000E1
4.478048234E2,6.501033647E1,2.550138083E1,1.236302147E1,2.982684326E1,1.200000048E0,1.971000061E2,8.813044386E-1,3.790092468E0,2.500000000E0,4.100000000E1
4.488051172E2,6.501032765E1,2.550135931E1,1.263866188E1,3.010247803E1,1.080000043E0,1.973999939E2,8.823670961E-1,3.790092468E0,2.500000000E0,4.100000000E1
4.498158377E2,6.501032282E1,2.550133979E1,1.217821667E1,2.964202881E1,6.800000072E-1,2.495000000E2,8.828358569E-1,3.790092468E0,2.500000000E0,4.100000000E1
4.507923819E2,6.501032109E1,2.550133069E1,1.232671689E1,2.979052734E1,0.000000000E0,NaN,8.828991488E-1,3.790092468E0,2.500000000E0,4.100000000E1
4.517997783E2,6.501032140E1,2.550132956E1,1.227178527E1,2.973559570E1,0.000000000E0,NaN,8.830027496E-1,3.790092468E0,2.500000000E0,4.100000000E1
4.527970170E2,6.501032192E1,2.550132773E1,1.212658267E1,2.959039307E1,0.000000000E0,NaN,8.832875078E-1,3.790092468E0,2.500000000E0,4.100000000E1
4.537985612E2,6.501032295E1,2.550132218E1,1.219488130E1,2.965869141E1,2.800000012E-1,2.593999939E2,8.836062711E-1,3.790092468E0,2.500000000E0,4.100000000E1
4.547941048E2,6.501032529E1,2.550131826E1,1.187426326E1,2.933807373E1,0.000000000E0,NaN,8.840641810E-1,3.790092468E0,2.500000000E0,4.100000000E1
4.558063777E2,6.501032504E1,2.550130853E1,1.142467953E1,2.888848877E1,0.000000000E0,NaN,8.843695195E-1,3.790092468E0,2.500000000E0,4.100000000E1
4.567943374E2,6.501032505E1,2.550130203E1,1.118395764E1,2.864776611E1,1.500000060E-1,2.593999939E2,8.846676217E-1,3.790092468E0,2.500000000E0,4.100000000E1
4.578032421E2,6.501032638E1,2.550129652E1,1.116088653E1,2.862469482E1,0.000000000E0,NaN,8.850314344E-1,3.790092468E0,2.500000000E0,4.000000000E1
4.587952964E2,6.501032669E1,2.550128881E1,1.102667102E1,2.849047852E1,3.199999928E-1,2.593999939E2,8.857534367E-1,3.790092468E0,2.500000000E0,4.100000000E1
4.598012274E2,6.501032830E1,2.550127392E1,1.141186508E1,2.887567139E1,6.800000072E-1,2.593999939E2,8.865228876E-1,3.790092468E0,2.500000000E0,4.100000000E1
4.608043342E2,6.501033055E1,2.550125843E1,1.184716884E1,2.931097412E1,3.899999857E-1,2.593999939E2,8.871398768E-1,3.790092468E0,2.500000000E0,4.100000000E1
4.617908772E2,6.501033114E1,2.550124537E1,1.137573462E1,2.883953857E1,0.000000000E0,NaN,8.873976351E-1,3.790092468E0,2.500000000E0,4.100000000E1
4.628018315E2,6.501033258E1,2.550124107E1,1.182965308E1,2.929345703E1,0.000000000E0,NaN,8.875597346E-1,3.790092468E0,2.500000000E0,4.100000000E1
4.638036553E2,6.501033307E1,2.550123782E1,1.185144284E1,2.931524658E1,0.000000000E0,NaN,8.875993024E-1,3.790092468E0,2.500000000E0,4.100000000E1
4.648881151E2,6.501033286E1,2.550123714E1,1.153033704E1,2.899414062E1,0.000000000E0,NaN,8.877183654E-1,3.790092468E0,2.500000000E0,4.100000000E1
4.657955141E2,6.501033372E1,2.550123865E1,1.138525599E1,2.884906006E1,0.000000000E0,NaN,8.878272232E-1,3.790092468E0,2.500000000E0,4.200000000E1
4.668002921E2,6.501033357E1,2.550124094E1,1.108136173E1,2.854516602E1,0.000000000E0,NaN,8.881188713E-1,3.790092468E0,2.500000000E0,4.200000000E1
4.678025383E2,6.501033499E1,2.550124616E1,1.140643386E1,2.887023926E1,0.000000000E0,NaN,9.159243267E-1,3.790092468E0,2.500000000E0,4.100000000E1
4.685490708E2,6.501058410E1,2.550119460E1,1.993611425E1,3.740000153E1,NaN,NaN,9.264628888E-1,2.140900040E1,1.193005443E0,0.000000000E0
4.712459815E2,6.501053680E1,2.550138901E1,3.741507383E1,5.487896729E1,4.699999988E-1,3.555000000E2,9.267216877E-1,6.819939137E0,1.131245613E1,0.000000000E0
4.712601259E2,6.501053912E1,2.550138857E1,3.725851789E1,5.472241211E1,4.699999988E-1,3.555000000E2,9.317095714E-1,6.831775665E0,1.131515980E1,0.000000000E0
4.722871695E2,6.501052436E1,2.550128830E1,3.140062474E1,4.886450195E1,6.899999976E-1,3.556000061E2,9.320655193E-1,4.934671879E0,7.598795891E0,2.900000000E1
4.732833711E2,6.501052643E1,2.550129408E1,2.908824540E1,4.655212402E1,5.899999738E-1,3.556000061E2,9.328689651E-1,4.624603748E0,6.875509262E0,3.300000000E1
4.742845656E2,6.501053350E1,2.550129055E1,2.963353141E1,4.709741211E1,6.899999976E-1,3.557000122E2,9.344931165E-1,3.840369940E0,5.073249817E0,3.300000000E1
4.753020814E2,6.501053094E1,2.550125651E1,2.773338983E1,4.519726562E1,7.599999905E-1,3.555000000E2,9.357075414E-1,3.790092468E0,4.170264721E0,4.200000000E1
4.763008911E2,6.501053619E1,2.550123384E1,2.662956985E1,4.409344482E1,8.799999952E-1,3.555000000E2,9.367836587E-1,3.790092468E0,3.699457407E0,4.200000000E1
4.772944020E2,6.501054456E1,2.550122234E1,2.639903846E1,4.386291504E1,1.090000033E0,3.555000000E2,9.379213823E-1,3.790092468E0,3.197422266E0,4.200000000E1
4.782989791E2,6.501054458E1,2.550119812E1,2.470189775E1,4.216577148E1,9.700000286E-1,3.555000000E2,9.391279868E-1,3.790092468E0,3.005639791E0,4.200000000E1
4.793006463E2,6.501055141E1,2.550117816E1,2.485448557E1,4.231835938E1,9.700000286E-1,3.555000000E2,9.402512237E-1,3.790092468E0,2.723239183E0,4.200000000E1
4.802939535E2,6.501055991E1,2.550116524E1,2.448741866E1,4.195129395E1,1.309999943E0,3.406000061E2,9.414250887E-1,3.790092468E0,2.503992796E0,4.200000000E1
4.812952170E2,6.501056890E1,2.550115214E1,2.363243656E1,4.109631348E1,1.250000000E0,3.401000061E2,9.426943620E-1,3.790092468E0,2.500000000E0,4.200000000E1
4.823124867E2,6.501057929E1,2.550114095E1,2.269591077E1,4.015979004E1,1.389999986E0,3.413999939E2,9.436696252E-1,3.790092468E0,2.500000000E0,4.200000000E1
4.833026463E2,6.501058696E1,2.550113088E1,2.163755964E1,3.910144043E1,8.799999952E-1,3.555000000E2,9.447932245E-1,3.790092468E0,2.500000000E0,4.200000000E1
4.842969463E2,6.501059601E1,2.550112024E1,2.085380525E1,3.831768799E1,1.429999948E0,3.555000000E2,9.456911379E-1,3.790092468E0,2.525838137E0,4.200000000E1
4.852973241E2,6.501060285E1,2.550111008E1,1.947178499E1,3.693566895E1,8.199999928E-1,3.555000000E2,9.466152682E-1,3.790092468E0,2.595538378E0,4.200000000E1
4.862982948E2,6.501061009E1,2.550110042E1,1.858793347E1,3.605181885E1,1.500000000E0,3.386000061E2,9.475457210E-1,3.790092468E0,2.510249615E0,4.200000000E1
4.872933571E2,6.501061711E1,2.550108964E1,1.723032728E1,3.469421387E1,9.599999785E-1,3.555000000E2,9.484548288E-1,3.790092468E0,2.506183863E0,4.200000000E1
4.883078434E2,6.501062437E1,2.550108074E1,1.634745223E1,3.381134033E1,1.279999971E0,3.366000061E2,9.495331267E-1,3.790092468E0,2.500000000E0,4.100000000E1
4.892986710E2,6.501063221E1,2.550106723E1,1.583963855E1,3.330352783E1,1.240000010E0,3.306000061E2,9.505709155E-1,3.790092468E0,2.500000000E0,4.200000000E1
4.903028775E2,6.501063982E1,2.550105444E1,1.605173453E1,3.351562500E1,1.169999957E0,3.345000000E2,9.516712005E-1,3.790092468E0,2.500000000E0,4.100000000E1
4.912996567E2,6.501064722E1,2.550103889E1,1.610282017E1,3.356671143E1,1.129999995E0,3.278999939E2,9.529523772E-1,3.790092468E0,2.500000000E0,4.100000000E1
4.923078089E2,6.501065569E1,2.550102040E1,1.613205519E1,3.359594727E1,1.330000043E0,3.253999939E2,9.542590338E-1,3.790092468E0,2.500000000E0,4.000000000E1
4.933015364E2,6.501066442E1,2.550100178E1,1.574704453E1,3.321093750E1,1.080000043E0,3.235000000E2,9.556124709E-1,3.790092468E0,2.500000000E0,4.100000000E1
4.942965212E2,6.501067441E1,2.550098532E1,1.606961374E1,3.353350830E1,1.340000033E0,3.373999939E2,9.570513948E-1,3.790092468E0,2.500000000E0,4.100000000E1
4.953065088E2,6.501068570E1,2.550097035E1,1.612710663E1,3.359100342E1,1.250000000E0,3.371000061E2,9.584617877E-1,3.790092468E0,2.500000000E0,4.100000000E1
4.962970587E2,6.501069683E1,2.550095595E1,1.641866933E1,3.388256836E1,1.240000010E0,3.367999878E2,9.597611683E-1,3.790092468E0,2.500000000E0,4.100000000E1
4.972982136E2,6.501070654E1,2.550094056E1,1.628023997E1,3.374414062E1,1.059999943E0,3.363999939E2,9.611059854E-1,3.790092468E0,2.500000000E0,4.100000000E1
4.983003237E2,6.501071673E1,2.550092514E1,1.660653213E1,3.407043457E1,1.289999962E0,3.391000061E2,9.624591295E-1,3.790092468E0,2.500000000E0,4.200000000E1
4.993001854E2,6.501072752E1,2.550091182E1,1.638210362E1,3.384600830E1,1.049999952E0,3.448999939E2,9.637271184E-1,3.790092468E0,2.500000000E0,4.200000000E1
5.003079660E2,6.501073798E1,2.550090107E1,1.616896642E1,3.363287354E1,1.179999948E0,3.486000061E2,9.650286439E-1,3.790092468E0,2.500000000E0,4.200000000E1
5.013041112E2,6.501074898E1,2.550089160E1,1.687044070E1,3.433435059E1,1.029999971E0,3.510000000E2,9.662150129E-1,3.790092468E0,2.500000000E0,4.200000000E1
5.023008533E2,6.501075879E1,2.550088167E1,1.660060197E1,3.406451416E1,1.029999971E0,3.475000000E2,9.674947929E-1,3.790092468E0,2.500000000E0,4.100000000E1
5.032956390E2,6.501076895E1,2.550086887E1,1.618165457E1,3.364556885E1,1.120000005E0,3.462999878E2,9.689330457E-1,3.790092468E0,2.500000000E0,4.200000000E1
5.043080994E2,6.501078070E1,2.550085607E1,1.612275300E1,3.358666992E1,1.080000043E0,3.462999878E2,9.704726160E-1,3.790092468E0,2.500000000E0,4.200000000E1
5.052989616E2,6.501079294E1,2.550084075E1,1.639960594E1,3.386352539E1,1.269999981E0,3.431000061E2,9.720595567E-1,3.790092468E0,2.500000000E0,4.200000000E1
5.063034699E2,6.501080561E1,2.550082520E1,1.655542605E1,3.401934814E1,1.200000048E0,3.486000061E2,9.734796675E-1,3.790092468E0,2.500000000E0,4.100000000E1
5.073033705E2,6.501081774E1,2.550081574E1,1.644696340E1,3.391088867E1,1.149999976E0,3.521000061E2,9.749071264E-1,3.790092468E0,2.500000000E0,4.200000000E1
5.082982727E2,6.501082988E1,2.550080586E1,1.735967999E1,3.482360840E1,1.169999957E0,3.501000061E2,9.764134678E-1,3.790092468E0,2.500000000E0,4.200000000E1
5.092960149E2,6.501084226E1,2.550079284E1,1.803136904E1,3.549530029E1,1.379999995E0,3.392999878E2,9.793177416E-1,3.790092468E0,2.542174816E0,4.200000000E1
5.102975771E2,6.501085904E1,2.550074546E1,1.944622463E1,3.691015625E1,3.779999971E0,3.088999939E2,9.835003234E-1,3.790092468E0,2.795831203E0,4.200000000E1
5.113018865E2,6.501087722E1,2.550066751E1,2.035394220E1,3.781787109E1,4.010000229E0,2.972000122E2,9.856620519E-1,3.790092468E0,3.058980465E0,4.200000000E1
5.122948351E2,6.501088447E1,2.550062481E1,1.907324397E1,3.653717041E1,8.799999952E-1,2.937999878E2,9.861749722E-1,3.790092468E0,3.279961109E0,4.100000000E1
5.132976900E2,6.501088545E1,2.550061414E1,1.976770288E1,3.723162842E1,6.200000048E-1,2.967000122E2,9.866960358E-1,3.790092468E0,3.231333733E0,4.100000000E1
5.142914290E2,6.501088853E1,2.550060578E1,1.941357680E1,3.687750244E1,7.099999785E-1,3.257999878E2,9.875240863E-1,3.790092468E0,3.241633654E0,4.100000000E1
5.152962007E2,6.501089537E1,2.550059881E1,1.945935156E1,3.692327881E1,7.400000095E-1,3.402999878E2,9.884480598E-1,3.790092468E0,3.304881811E0,4.100000000E1
5.162994442E2,6.501090367E1,2.550059787E1,2.035137755E1,3.781530762E1,6.899999976E-1,3.560000000E2,9.893279550E-1,3.790092468E0,3.454881907E0,4.100000000E1
5.172989705E2,6.501091151E1,2.550059533E1,2.000005672E1,3.746398926E1,6.100000143E-1,1.200000048E0,9.902061362E-1,3.790092468E0,3.563702106E0,4.100000000E1
5.182973959E2,6.501091939E1,2.550059408E1,2.044255896E1,3.790649414E1,6.800000072E-1,3.200000048E0,9.908901268E-1,3.790092468E0,3.460925817E0,4.200000000E1
5.192988554E2,6.501092552E1,2.550059287E1,2.103130205E1,3.849523926E1,3.199999928E-1,3.505000000E2,9.916542933E-1,3.790092468E0,3.357839823E0,4.200000000E1
5.202982571E2,6.501093167E1,2.550060013E1,2.216734639E1,3.963128662E1,0.000000000E0,NaN,9.920255814E-1,3.790092468E0,4.134652615E0,4.100000000E1
5.212990097E2,6.501093430E1,2.550060500E1,2.250004752E1,3.996398926E1,0.000000000E0,NaN,NaN,3.790092468E0,3.966315031E0,4.100000000E1
